,Unnamed: 0,links
0,0,https://www.linkedin.com/jobs/view/3258652602/?eBP=JOB_SEARCH_ORGANIC&recommendedFlavor=COMPANY_RECRUIT&refId=cbHy3m9V3ZBJGwt5WA6jpA%3D%3D&trackingId=dKgP0L3u8ivlOU%2FrfBz5IA%3D%3D&trk=flagship3_search_srp_jobs
1,1,https://www.linkedin.com/jobs/view/3094812987/?eBP=CwEAAAGDHa8HhldX7AdmAN6wBSMRGzDCdlL8Gzv2e-G5MFOdwpynRgXydJk73KdbhQXrJ_ZnjrQ8uoyVZiJKMo6lEp4OnFNEpZthi32P9P2OJdshRQWbMbZ9CB2oWWi7v0eTBOBGc1JwCl52mbo8H_R50gX5hZ4N7gGbg4gn0fbaBqBxCqwj72nbl5PlXdwDuuDeMAhLrOwF7eDkDJ-7yOdQCzMaGu9v2vaPmteKLo7GR5AWYQpeKhcjQPhEtYQqvdXLgjNC-IiE5Fbth-7vSWlFEYFUtocyGkQEeL4bVmEiYQcKgHOuYaq608l3IIpQ-ZRn04e_o8SFMYBjxJVzWqRNDvXoCApgAGp7rFSdwvdrKAORNhm6tE6k2bUQ40AKLO4&recommendedFlavor=IN_NETWORK&refId=npr7rORtBCGvGOjWIrD6DQ%3D%3D&trackingId=sUnU5%2FlOAH7EC0eHMNK5vw%3D%3D&trk=flagship3_search_srp_jobs
2,2,https://www.linkedin.com/jobs/view/3254015736/?eBP=CwEAAAGDHa5Sqj3QJxb89EZwGRPgbd_d2wwARWaSBHXZqgbBeIlb49K1CoDLqsU89RirrRpwZS2sEOi6ic0ZAFZAj2zSiZ_Zl08rGI6bv00UQFvTvwzEb5kWzXa2ZRfPO1lzdkkg95oIJhKqF2oeq6nbu60JGn-8-ijAIeLA4AVu30FnrmdAHE1qDxKwAvgZTh8FgN1Ngjdi18We1CrJaMkO06SWJZFIiUs7Kp0I5w2I5hOSE4yu1GtmfGT5IjRwLpnsa8RkayO4RIgBofdkgnt9B3FbkTRzz-V_xJoVS6jUDLNQR9lXtU5omxNu1ICBh19_9IZlulNL9xQTAya1rYrTFaoDapF79qJDXy3NM-QxdC1Q0NJrbIAbC_afASaaPCk&recommendedFlavor=SCHOOL_RECRUIT&refId=vkqQncBxdMzqD4J1%2B8XnLA%3D%3D&trackingId=1%2Bgw7EUXwp4m%2BiU1CWzXaw%3D%3D&trk=flagship3_search_srp_jobs
3,3,https://www.linkedin.com/jobs/view/3236845920/?eBP=JOB_SEARCH_ORGANIC&recommendedFlavor=COMPANY_RECRUIT&refId=cbHy3m9V3ZBJGwt5WA6jpA%3D%3D&trackingId=JVkBV%2BaTqV0MMBCT8gKsqQ%3D%3D&trk=flagship3_search_srp_jobs
4,4,https://www.linkedin.com/jobs/view/3255732277/?eBP=JOB_SEARCH_ORGANIC&recommendedFlavor=COMPANY_RECRUIT&refId=MlVA0DrwZiFNhmmjotcxOw%3D%3D&trackingId=mZNa30OoWgLE69f6HnXfdg%3D%3D&trk=flagship3_search_srp_jobs
5,5,https://www.linkedin.com/jobs/view/3253794058/?eBP=CwEAAAGDHa5XwOEI7qXWg3IFwUPzPE7X60NYhPcKS6XrfFP7RFBBCxACkolyt9xVz2rqsJrd270pDEQatxpTg8lVsecPIzsVdfNvvXjAQGKq0OkayqdpB5S9nJRBfmllbIsUQm1Gi8CVyAxooFxW2wnyoodxh7XV2pL5iuN3glvwXJYE-QyRSWXSGSdVf0xwe9nOLV0DJmPoOYfqkUwiiP08SaijXRQUtaQZiH4LWVf7xj89cCcisbDRoIgCcUiMwLIqfApe8aeND01wcWaz1s0idk7Ui4d-OsmZ6vhlGuYUpyOh8ztLWkuuJ6EmpeaLeJkZ3OipLxXtXKvrahur6HZZmO41TLdLNDgLY4bSAUCIgrChAVmDkzlWJzXSevEBK0c&recommendedFlavor=COMPANY_RECRUIT&refId=cbHy3m9V3ZBJGwt5WA6jpA%3D%3D&trackingId=26nvJH%2F6kunytIId8fn2mA%3D%3D&trk=flagship3_search_srp_jobs
6,6,https://www.linkedin.com/jobs/view/3258045908/?eBP=CwEAAAGDHa6U4TKyAdq_0-5ilO16WiHVLfzzbOJtCRyQLYx_3sOxZ7tpl-QAZolDBIudBCTA3U4082qQ-qUmPuZ_Ao8mz-4eAcJPWGQXJNJZO5OkzorWcFTYUU_CSQi5vcgZScCd8NelsFQQg10hquMQ20ENieEoAfbpNQ-Xc0Su8FplO23MGTCR06EDiBU1XGLmhsZqceureku6Jei98fzFcZJWBsLbXEDHI8PeERwFtg9m9Svhv0bcvGeJjdJDfZHcgzVszIEXQo1KSBFstyE9wJhfJY0xVn2flTBextyw7iWrsjnBb22YvDImBiFWAjTBtkBnrr4COS4dZTJVn1P6yQyIipBUauHWLXsprQq8iNq45f8EQggBaatb79XS4ROYqQ&recommendedFlavor=SCHOOL_RECRUIT&refId=n%2FUW7Ila92RLFCmBDUKWDA%3D%3D&trackingId=9q846bVAwLhJ4I4tTZE29A%3D%3D&trk=flagship3_search_srp_jobs
7,7,https://www.linkedin.com/jobs/view/3216252613/?eBP=CwEAAAGDHbAlt-VX543OwYfCxbVd10neyiCdHvyqtOP_xEppLI8iRPYim0HYXvDoU2J3rHfwGiIinMfeZbClCjKpA9NLJLEtKILvWvxoI-o7-xRof8KuwleP_HaRQgTxXAM5qkzG_In2c7LC7AQ-DCF-TsUvof1sPVYnMQqHNMSRx6Tr1ScuT4Uu441Na-PE-3OolIIkwSbCTQBz2DO4lLVTSfQxwb47-ZldvcTyhYuuRUcE2rznLuQQT7ccVuXcL63DBRwwjvd52H6y7fcpxF_gezVfcxZCb3EFNCuqdNRPUZKacTZOizikHUYvWZQ1jOP1nh2b9qIrO95Md0Kd77kjOjD_WQWITMCOkrYVh_WkZiPLD2wyAytBw87nCiJ6&recommendedFlavor=IN_NETWORK&refId=MlVA0DrwZiFNhmmjotcxOw%3D%3D&trackingId=LTpUgORJfu%2FQDT6n3Dsn%2Bw%3D%3D&trk=flagship3_search_srp_jobs
8,8,https://www.linkedin.com/jobs/view/3207503070/?eBP=CwEAAAGDHa8HhuXEjIcshCxuofoaMzuJdKRBgvJoSTSEhMjRAtRAKpClvBTiZuo3FADTDhr3aFhiKo00d3mlAdmZRcX9Og0Y92ZUZ9GIBjXqClatBf57GS1gGjyc92WVyRHG4tJ2qnpYcTbTs30ySsKG_iRB8ej4mDIZLEI91PeDtT42Nu9ZrcZ3h5l5Qs8jR5hwXDHASf4GxnHjU7LqQ3UXHEyxBClt6OrZ7Hhnx-Fw5v_I6Nj2wsxb3a2FGbNzKEGURwyP-I3G73DoCmneP09S59InDWB98XX8AdLySFYoE03aYnRX-G_ixmGUq6VNneqAc1X5U9Kwb6hrm6IU3mJ_RBoazRiM8l9IbncO1XCJ-QIpFh3-zCfY28jhL-VDwrY&recommendedFlavor=SCHOOL_RECRUIT&refId=npr7rORtBCGvGOjWIrD6DQ%3D%3D&trackingId=GM9quxD%2BN0%2BIgPFQzvPJ9g%3D%3D&trk=flagship3_search_srp_jobs
9,9,https://www.linkedin.com/jobs/view/3234799117/?eBP=JOB_SEARCH_ORGANIC&recommendedFlavor=COMPANY_RECRUIT&refId=vkqQncBxdMzqD4J1%2B8XnLA%3D%3D&trackingId=7dL7rPcj1czr7zms6bSVoA%3D%3D&trk=flagship3_search_srp_jobs
10,10,https://www.linkedin.com/jobs/view/3255732512/?eBP=JOB_SEARCH_ORGANIC&recommendedFlavor=COMPANY_RECRUIT&refId=yoabJvJGia0P7wR4I40Ihg%3D%3D&trackingId=Nfl3e5HdS8W0EXcvP4RiJg%3D%3D&trk=flagship3_search_srp_jobs
11,11,https://www.linkedin.com/jobs/view/3219952476/?eBP=CwEAAAGDHa_s01oUozplP5vkwtbCWGsrZ1fJWovL-4AsGv4sYdl4k-cS3ymgVzmxaxdI73LUYQyroM3VwPPyTems-t8GHZQdh3F666xsVXHKu8tur0JQz46-Ag0KHpAoUNxsJNH4v0UHr9dKYBBfm-Htvjhp3xY6mVx9z_DLTA2NfL4vTPB4Cfzh9PE8kHqary0KB5ilpoQ0Q2AC4DPhCGVr19K6o6mht4K52vyyTjWCj_5gN-mVKaukxkLU7GqfuBKdnZlEnB2NCN5OuRdqksHlWVcmyfwqd1MQF6UaaegeO8SxI8cr5srzRu5FPXb_5Y2Pnp62M_wwauZaC3V0S9yAcwRobdnAYQondD-sJjnzjUOvW_BO9JUnY2I6ipRhmxHbdBNQG9DRRL9sYKZE64khVI8&recommendedFlavor=IN_NETWORK&refId=pmvms0y6cTwdWboiljSVLw%3D%3D&trackingId=Pb0DWTl2cTHf1SmLkQrKBQ%3D%3D&trk=flagship3_search_srp_jobs
12,12,https://www.linkedin.com/jobs/view/3216296447/?eBP=CwEAAAGDHa8HhlOvu8bpTl1d5p58CG0qOepNhBF80m9Yeu7ncHhuRv7FZdpeMz9mZWZfS9LjGgW8ZcaddbdU3XVd3grq-Si6tNOziCrJoB41ag6U6mUkTp4kn4jzompbpZM1QTnwdX7VqCFB4Oimk6H2TOZ2GiES6Vp0756o8ZKjNQJL6W8g7QRCvG1E0vRQxi-QXM0D7vR8euYqzhku0Uxs-kJQVCzIuKT2e7uOsbozFOC20ArYZXZMilxkqeKvBPMvN5wNf-CZ1lTUcvboj9ivTNoQWtRm0qTeYdNxSdJZ-t-MF6fDJ0nJ1v3d8d-Dy6D8Cxsuvm4FsskTXyt7CAlBaJFd2aITqGCZFkRXFGVMun1xgcBv2ZBGn81RWBH6&recommendedFlavor=SCHOOL_RECRUIT&refId=npr7rORtBCGvGOjWIrD6DQ%3D%3D&trackingId=TUC86hWiA9KrNyZK6aBkDQ%3D%3D&trk=flagship3_search_srp_jobs
13,13,https://www.linkedin.com/jobs/view/3252997386/?eBP=CwEAAAGDHa5XwHCcBXf0TcuJby7NLOWAJPbvTQij2ROazSGCIzahA-FUTvr6pVCuB4Wu8XPTIrfvT9uype2Y2aswhaxy6HGff1Lev-f3XX9g-14UKDBBvSBaI1y16_kcoGCqDpoZjLwdquq8AXbj1k5gb5lRHYZI4cZ8U_Pkz4luElnk2NFg_zievkPn5FlrkwCqxsyizKguzi65YtSCG6V0CBGRGEonZRxQKQHkhJ09gRsHwHG1upXb3B1GBp-bJK8ALjUvOgGV4Kt2BRiyC_KH3uLkqmUNhnaRBNYSzWwXj4x6FlgNkNbVHut54V1vOfcuwnnE8oLPpD_6fP98VT-dpwfV9oKwOQdsq5CegzxjtxT2GuWgYf9aZwqPZPtiYKg&recommendedFlavor=COMPANY_RECRUIT&refId=cbHy3m9V3ZBJGwt5WA6jpA%3D%3D&trackingId=ZaLQHGh86ssFYYLqlZ%2Fd2A%3D%3D&trk=flagship3_search_srp_jobs
14,14,https://www.linkedin.com/jobs/view/3251070359/?eBP=CwEAAAGDHa5XwAR-zjy6NZ0Ll5zx823hA4z3vcg6gJG4tnOgVzCwrE64sgFTHTkK1OKV9l7gdQu6ejc3My_gYwb9fW0gEX06Oak9XVAib0jtFX10CMaOXIga0cIRP4jqg5snvs8fUXYqiwkzoaOcS0x7did16wcnv2UQxVG-jmhoBf2dVb_IRLJ60SYOKQaHLZ_wZKyg9QN5yT-i7bIxYJKsNcUKTVgWQcACdMimrFRoI3iqRrjM7w4Gza7qhC1ZkEEn78A5ls1sGveQJ2tO1ZRDV1Vl1ii1CFiMl39NpUGljmqEoF3bQXiOpuHIecDTDJ6BMDNWURT8W91S8ocw2Fl1xPmRBrAdL6JNtNi8yKp1iKBphDk4eIlscbcni2TMCQ8&recommendedFlavor=IN_NETWORK&refId=cbHy3m9V3ZBJGwt5WA6jpA%3D%3D&trackingId=y9GiNA7j9EKeDUngEgVOBg%3D%3D&trk=flagship3_search_srp_jobs
15,15,https://www.linkedin.com/jobs/view/3251915352/?eBP=JOB_SEARCH_ORGANIC&recommendedFlavor=JOB_SEEKER_QUALIFIED&refId=n%2FUW7Ila92RLFCmBDUKWDA%3D%3D&trackingId=yF5vmBaDUv0hLDBF0XimyQ%3D%3D&trk=flagship3_search_srp_jobs
16,16,https://www.linkedin.com/jobs/view/3204056373/?eBP=CwEAAAGDHa8HhjtoPFQzRWoCVlnocx0uJYn8F0CX1YaSmPHgcYHMgt8hp42DszwD4DejtsblXuVhp3-4Ch_oV_uAqvojGt8w19sW0WVyFfzYvmnN6cH0tvbauzg0EJiznYpu4At36b-HREActE89FIGijO87gUcM8VIgsRP0nMW9sD8lJWCsYrPty1j_0EYMp6yeohyceSfxSlNIR8R_7VO_2LtoGjPebsQqQ-rC8wvHK6QVr6abBZmbRfTVG0Zd2Hr7IIbStrOgMmZeouEqjwBOKNR_oYSr3HRbNtTIEqEXIB6hwzWUDRd57j9wb5i_PVbmTO7sn7YB3Q410TlznbKPSsVQXFQeC9mA17vOyMaailjc-LBN3qcps1Zr2-HZZhw&recommendedFlavor=IN_NETWORK&refId=npr7rORtBCGvGOjWIrD6DQ%3D%3D&trackingId=CyaV%2FbypUIZgmrZaqNkesg%3D%3D&trk=flagship3_search_srp_jobs
17,17,https://www.linkedin.com/jobs/view/3231265720/?eBP=CwEAAAGDHa6U4SjlrULfT5dIe_oWhe3B7ZwX2A6H10Jh1ah3LC2Z7ZjdO4y-qzSG4A_EDOvqnykUiTAm9ICe49KGvY0xrgUJlJd6oEs9pFvUd0TZykar1PiuABlGm4emSx_iwSuyiocpuB4HU1zPpeRd_pPqr2aLZEFS25GyiCjDn21nYwPnSOL5NJzncnYJbA9nXDEmjjp9SwKPYvf_DmGdMIkepTpRbo81LRThnxksNb83dHgWybqmwu4Mb-bVY1S1WA3Xhto8yRCrJdjCX_Og37MsMSXGeg0bS1DSvByr_WOEW23TvadRCZLJXViGHQ4qzHGgKyUM1-E9tjtDai1iGFkDiqOABiCamP6EcW_TRxCEFjNi5D2P3-vQWWXsTsG-BQ&recommendedFlavor=ACTIVELY_HIRING_COMPANY&refId=n%2FUW7Ila92RLFCmBDUKWDA%3D%3D&trackingId=b1eftVypw6lpSOD5JG45xg%3D%3D&trk=flagship3_search_srp_jobs
18,18,https://www.linkedin.com/jobs/view/3231213048/?eBP=CwEAAAGDHa6U4adt1NdD7GOgp7RuNsVsLFtgro2_A11cdfRbvVxx2J2b67yEqJ3LCIa6zfjL3eJgGdyVSl4za5bVtpatsG3kw8Fdz2wagYZNFpedpmhGPmlXUDS57qkKJRV8iTAYHUjkShGN87KVlk7vMMnCq1YQhYlpawLFnGyUB_13N6xy5uDhdvq6WCPcUqvDFR_EunxoFRj2vFnQjWy4b3eomBJP7IOWZF8xE_mhXbqXwQcMgiGr9Y8g1yII7FcIE2mccfe6iIJV7rSP8R-MLzz6h6_zZ3ft_C8SbDIR-J8qd-_o8eysvMxM1BY2RfdjKEfoakdM2Uq0tv-DWD-SL6S1cwbV9fFdpO3chSoq4biVPOvLbTz6FDGEp_P7ubuwFQ&recommendedFlavor=COMPANY_RECRUIT&refId=n%2FUW7Ila92RLFCmBDUKWDA%3D%3D&trackingId=mxyfyHv9FIxFT9BHGbq72A%3D%3D&trk=flagship3_search_srp_jobs
19,19,https://www.linkedin.com/jobs/view/3238713883/?eBP=JOB_SEARCH_ORGANIC&recommendedFlavor=COMPANY_RECRUIT&refId=npr7rORtBCGvGOjWIrD6DQ%3D%3D&trackingId=p3sGzPfmGATIYdZnXr82AA%3D%3D&trk=flagship3_search_srp_jobs
20,20,https://www.linkedin.com/jobs/view/3243907709/?eBP=JOB_SEARCH_ORGANIC&recommendedFlavor=SCHOOL_RECRUIT&refId=npr7rORtBCGvGOjWIrD6DQ%3D%3D&trackingId=IEgDHH7RlTe8z3N35SGpYA%3D%3D&trk=flagship3_search_srp_jobs
21,21,https://www.linkedin.com/jobs/view/3051295513/?eBP=CwEAAAGDHa8HhqsY8ms1L-Q5SMLyuhS-EQr68brTHNt-HEl7jyHbAiRfdsscXLMiny6AycDssDQXANNIRsOY4-1OtfC2Slk2KBzel2A_6noLiCs8KmZiakkf3x37RSWBmtqYeu7psLjv_qCtGYmoWrc8rybCRtF4B_9pivOqLYX3wuS4Jbjm--EP2rAHDSyGVo8vAB_gCRP8bf-88-jYq4nb4DU4jF9MN0S310w3FEriGipYCKNAsmrVadXRfYO4FJb8c86rgAWaw93bL9Thr4QZZPBIj860ZS1S4ZPw4DVuJIdT1JiAB8P2CtST1Dfl7iE-5B230vp8nWM6BtHY1FACSd94H1seWipbcyvqUlc1IvSh1_HvC6c5EnEEvSZB&recommendedFlavor=COMPANY_RECRUIT&refId=npr7rORtBCGvGOjWIrD6DQ%3D%3D&trackingId=ShI4yJ4h4jo4eyTB68kqzA%3D%3D&trk=flagship3_search_srp_jobs
22,22,https://www.linkedin.com/jobs/view/3076527570/?eBP=CwEAAAGDHbBeFBruxR03xBVKUGUjtN4KBr_g4HmZ9VUvsdG24GSH8kU-Amq9RuDV0LUeP7ppkoaZ26LIoujteUrAA0MKBlBampsIjlkV3wxck3uOaw6qiOJCgf69EJSMPmRyq2evTczKuV1_A2402v_N9AVnSGbaWlR-cbouxlosdtRY-84F7yp3E6MPYts9un09RZbdp7Sfko4oVgIRWlFIvLIEoyTtPG5mVi2qkbY00NnbYjS6V8G4WypqQduAyLxyEKJkAKDQjWQcilop8IjPDsgeMMMebVOQruRBPcyq8J62wPaI_bYGcWU0rprKDdNuIysJRjfr6hwVtlwfRNs-F-W2blaM9oPLfxW_pyBY-iGdi52fueWGIZlsPRFg&recommendedFlavor=SCHOOL_RECRUIT&refId=lW9FkgR4tEGTFJEDK1ObvQ%3D%3D&trackingId=deTfSUiP5PA9%2Fu8LnKR68A%3D%3D&trk=flagship3_search_srp_jobs
23,23,https://www.linkedin.com/jobs/view/3219953183/?eBP=CwEAAAGDHbAlt_0rrNBn8BjtlViuZ3uOc66lFVWrUVKjc25tnHUX843HKNEgztdbUDLBfA1b04-ShH65WdnIR9MHKfl-0gDAiSHFf5uWzqRK6qIDNIe_KHsDH--2d8O5pcXFqAX20LTxP8mZKAvWacVmx_VHbuls1bdRWelFcsWv44mV4Zhuh4GlS7fUTHRcW1IiGwJATshc1SeiY7BinH9oXYP0TJeKRoHZVXz40_dWpenvwhzvUuHOFi-15s_lzIwVnjAeE2ZZyBHmPRXY5slwJW-c42VteVwQZPgsRhB4SCoge2-nqGSu7LNM73WZiYEP1xcN5nyhWvYMHnueVM0mnLvER8aRVfJYjZB2546gfJBVDspkr5JSP7AE1RVRzuVIDFFraVTtRGH56fQhwAtu&recommendedFlavor=IN_NETWORK&refId=MlVA0DrwZiFNhmmjotcxOw%3D%3D&trackingId=T%2FtTxBNWZdKM1JHCPXrvTQ%3D%3D&trk=flagship3_search_srp_jobs
24,24,https://www.linkedin.com/jobs/view/3255731913/?eBP=JOB_SEARCH_ORGANIC&recommendedFlavor=COMPANY_RECRUIT&refId=lW9FkgR4tEGTFJEDK1ObvQ%3D%3D&trackingId=a%2Fca2k8f6gUSGl7TmVhUOg%3D%3D&trk=flagship3_search_srp_jobs
25,25,https://www.linkedin.com/jobs/view/3242408594/?eBP=CwEAAAGDHa5XwETjUU4BzgKbl3ycvqHMhIgu0SGeezhdQiqCw0dICkUcG6gden1EMPUNRpouG3jmWpILQZqvjic-yJM51hdrZ4yY2gebafYk_T4C_1g6j0n5GNF3t2ST6gsR1gZli_FP1Z1_bQTZVpWr6zcFx70Afl4jMI8yvI-QVy2gr6xdKZj3-MSGzIQXYlcFdZ1FuXn6bIu812S_0c3geglv3IrJ-BjUkRFzcw4IUzRvaLKFDO462Msqky1XLPekb9UzUOi_apggiGYa8GWFhwnyk8CIXiTG0U3yndg7x_x3WhiG_FsINkW2CBi6foIr1M051qoLMyJTFkcLpN137CHfyj4FBO3zD742EcGdalxxyfrArUQBfWtpnPAZ&recommendedFlavor=COMPANY_RECRUIT&refId=cbHy3m9V3ZBJGwt5WA6jpA%3D%3D&trackingId=8BmdItUIqfzTC%2FkNCSbggw%3D%3D&trk=flagship3_search_srp_jobs
26,26,https://www.linkedin.com/jobs/view/3244587424/?eBP=CwEAAAGDHa8HhvDTDk_A10p0IutqPq0EI3sljblJl4WjNqT2i837MBJK6CeIMwF-MFVZmBg-5U8L2G_dnoku6smUdf9SPdkNizDG8MyKWOD5Umxp6xsSU0IgLbavubDNJJyiYnUvKF4oHJVaf5xTN7pKFHm_XzVK4k1zUi-Y1Lm3xPzJLeDYHT4E6DYo0KVOjEAnpIL1J2GpbOyrBHDfXHYGjNBKdUp986QUIw5ZR0O3F0UXmbwrxUZzZs177ue-PSmuUtsumihSweaD7rTMs9CcTm61bEHJG9nuQQYz_39O7ixzVYQVOtPRcEAlb__gQBEJLrfQW-Gpjtvp_h_Pty_gkNUcdLcdsIGv3-4a-mE9p66XkVaayAh3U97c3_iumMA&recommendedFlavor=IN_NETWORK&refId=npr7rORtBCGvGOjWIrD6DQ%3D%3D&trackingId=dR04TKLQGvIkYOzt4xuJuw%3D%3D&trk=flagship3_search_srp_jobs
27,27,https://www.linkedin.com/jobs/view/3256984538/?eBP=JOB_SEARCH_ORGANIC&recommendedFlavor=SCHOOL_RECRUIT&refId=cbHy3m9V3ZBJGwt5WA6jpA%3D%3D&trackingId=e0M0cESCUnZ3w07CiQyDSA%3D%3D&trk=flagship3_search_srp_jobs
28,28,https://www.linkedin.com/jobs/view/3250805366/?eBP=CwEAAAGDHa6U4bQSLRRF5k_pCcnXEows9f_UDPf9ZiFgPkiSN8kXaKkEhGyS60v7_sHmzeDleVwFEcNjKm1eczIGTpJpaE0LAHZ6OCKVP2JeW1VDapuOkIdSpYZHsV2iJgvu0zd81FNDpS0NRYrQucqb7kKKiwxkcy0UE3mAnv7FiDOHIGhq947mtHtlpV_0dpyYkYIFoqeMyUoXMp8TQ91L_fUAwSsjGbw4hhlRS2Y2UnS0oqXv3DVbrDMBHT8NFyQOngesRj7eX5C6b4kSccZOhJIMYy6sTKcHQvHz_oVaDxUoZtQrCo535QhatCH0PvyscE1LBRTqgJLMsWz_TcHES7-LpkVaEiCmzr368GNiReTOJNPv9gW6aJ_FrKuSKOA&recommendedFlavor=IN_NETWORK&refId=n%2FUW7Ila92RLFCmBDUKWDA%3D%3D&trackingId=wludgPhWO%2FXeYuKiRADFQA%3D%3D&trk=flagship3_search_srp_jobs
29,29,https://www.linkedin.com/jobs/view/3086756478/?eBP=CwEAAAGDHa_s09Y2cfKvmPQTWNz9Lhw9xcmZ8zZdtBBqR835E0X_OL0GeSXB0Vtr6TWsmv2k_Cb83tZSumvj4tYgN_YtAn9FkTbfEi88lPLIWDp_YQF2Askc9rhZW7Q7iu-djvUBVl6R2mFg0AYG_RqaacbXa9vMG2gdFBb3IUzF8eL_nnDouSTj4A_VTxxRdOu8IDkHKApO5Dte51mZOP1t4WP9xetZlPgUmZ4MUk0fje7KwusSmwZssIw2cR-LBv627DFykDHIZYYGB8mpNXWOWZGRVkS36Ek5h0mHGmFlHp3_XbALEp2gq7Y4LMuK9k7wfPsVwIq8maZN-LvLmMot-mf7kLc66-AMJH9V3zlvFbQcXZjvAsGLVcDTlpnt&recommendedFlavor=SCHOOL_RECRUIT&refId=pmvms0y6cTwdWboiljSVLw%3D%3D&trackingId=aVWiaoIfIB6IDh%2FbV4V%2FUQ%3D%3D&trk=flagship3_search_srp_jobs
30,30,https://www.linkedin.com/jobs/view/3179457257/?eBP=CwEAAAGDHbBeFHUsduRczpYO8KS2_H-SWjHL9QoK-3piU5M7rnN9_jAyiwrZLEqBLULii8JXX_qOrS-8TO8yGcGjMHXY2P-yuxMMlCGsrMj20wZKgqitXyPIF_K8qqgAY1QmWEVQMB_mmebkuuEZF3vHbz5ZQ3rdRiTe6Qy5EyfJOxakzspQ0PuJlVvvuc3K5FywMtKGnx32w2pcAn7qDkzvw15Zt1ZPN-9vyG5dwKaqVKxXqmZMrNnBtrtaf0UGreMuiRM39jZ4RKCBkvM7Vgkz_UWFkE2deqZJqj_QyjTkcnk9sLMAKFkW4Tu3lA47Nq8ron0ngFeZrr1PLGScnxAH0sM9sLqOBTeUst8wouWuhcVX9P9aeVJPc7tTzc_d&recommendedFlavor=IN_NETWORK&refId=lW9FkgR4tEGTFJEDK1ObvQ%3D%3D&trackingId=R5IXPOLKPZql%2FNv5P8Ldtw%3D%3D&trk=flagship3_search_srp_jobs
31,31,https://www.linkedin.com/jobs/view/3256371427/?eBP=JOB_SEARCH_ORGANIC&recommendedFlavor=SCHOOL_RECRUIT&refId=cbHy3m9V3ZBJGwt5WA6jpA%3D%3D&trackingId=%2B1ZpRQRG0aemy%2Bn57toI2A%3D%3D&trk=flagship3_search_srp_jobs
32,32,https://www.linkedin.com/jobs/view/3257301528/?eBP=CwEAAAGDHa5XwLqPnrVR6Rt-ppVgZyk5uDdaHcvY9ezlhAa2tjMJnbeCKRoLjjPSIDFQ3FacNHqcQFoc1uSt3lQ4XoX5rWrYRIxG7Q7yL2xGkYss3-hkQCUqpC8wSy883HhgvTkU_dfa-9LvlloMJ7eyGcU4fFyFn_wsxneFMd81l8gv4t9H9Cq-e_mW08r9DslJT9dK4CmaMO1IdWXyh6XAt6PTDlI-udbQvbXgP9EdTu9xfpkiVbjjzWERBiCjDTYf4aLWpaTgv1P9ylZdEdsg0abaKoJGrumKbipEVVheN4ciz8iB0ur846aBEleedtmim85IUoGkz9SaErA39SRxy0L4tiakSqhdrG92Ltu3WwpRu9vMy3isdp0xPClX&recommendedFlavor=IN_NETWORK&refId=cbHy3m9V3ZBJGwt5WA6jpA%3D%3D&trackingId=3jc%2BbQW3e7F12xgmCkFn%2FA%3D%3D&trk=flagship3_search_srp_jobs
33,33,https://www.linkedin.com/jobs/view/3255731656/?eBP=JOB_SEARCH_ORGANIC&recommendedFlavor=COMPANY_RECRUIT&refId=MlVA0DrwZiFNhmmjotcxOw%3D%3D&trackingId=HYb%2Fa9MxWnSEJZmpxbYWmg%3D%3D&trk=flagship3_search_srp_jobs
34,34,https://www.linkedin.com/jobs/view/3204638991/?eBP=CwEAAAGDHa5Sqp3bE6i2Jl237XwFgeyyrHtYAUji5D8xlJ1sEzlKih2FLb4yyrV9ahhkbNX2dPnyKjTU8mPPFjspoi2DwlMi1vxJDKB7QRDZFZQB_N2id9ANf5jIxcReWu8ymxeXPR0ZqtYk0XuIEPVIQ18wrurBeHm4bj8lUKVP4m9dOEsXg_xPATxduTynx0djfKkI0jdw7Wnf29-lxNroFgFUxc3Q6lZcqZud9_BHQC5LWBI6X1L1QKVsBJxXFylCerikhYlAdrPsmHy0NtP2d3KK9rPODgdSp8TU4_ErW75wxONScQoEykS6eikvyTDze90R-K8vZdSjugo_10XVibc-Ko0ivw5NJHk5rZnnSnieMvRqWn03_6tb2xpK8zLdqg&recommendedFlavor=COMPANY_RECRUIT&refId=vkqQncBxdMzqD4J1%2B8XnLA%3D%3D&trackingId=alParbZWke9kj6yXONpZFw%3D%3D&trk=flagship3_search_srp_jobs
35,35,https://www.linkedin.com/jobs/view/2923495346/?eBP=CwEAAAGDHbAltxVSmSPynMmFSUZkUXxT93q9XGQ_9mECNYHLZZ22J9TwNGyQ1ah426tQsnvom1X_zGyJK5xdmapPMnxkKsgS7QITbb9o16NJjibO5luc6dNdAp2IROcRk9OvdicZ_FV_l0DiJ_8hxpUGN07czzoTmRts6engJzT5dW0ZB9bc6T3Ke0pS5yQGhFmjAxAa70E4k9bdETEpmxTGHMW1YwhEVMtpqzMM-JiFDR0Qd9U1LAvA_bR62wgGu70Ju_S-RSDr1RTPmwA4EiaINsXe6GJ7bRGdIBKTlEBrcHGJvVukRXdhEeGcUK9WQg1PmKlHGkm-NLVt7bSo8DJdSRW6FS-aSUftg9o56Ub3pEA71VZMT8yBiGJqw3KL&recommendedFlavor=IN_NETWORK&refId=MlVA0DrwZiFNhmmjotcxOw%3D%3D&trackingId=oDfG1G9qEwpHZL43U%2Fr19w%3D%3D&trk=flagship3_search_srp_jobs
36,36,https://www.linkedin.com/jobs/view/2850537027/?eBP=CwEAAAGDHa_s06o250YnGehsVfFoq8i63IklJ3unUF4LP-HuFQSoAW1__IBmp5pVxGA5CfDuWF89NKIQPgg2NsmfB2oMhKfycd7m8hYcNSHEkYCqTulQQwkdtzw1G7NLCWQUAjPdmWh7hs4t1vMjwmC-S6e9DOLYar3O2p9H8-F4irnX1yz00WVW2olvKwFSmhQTkyDVM02o6L4RwAoFYmsgu_pPkeJh8c_5g4iGvWAmeYRCWA5uC8X4_nrIaLx6XgCh5VXqkgTRNNzWCY_zN6cR5rZIV83oUfynmIpSLBUVsPFt792x7jqzF6zKH9qj4b_gxNAYTNzb3UlgVmg09grXloc-Y4C_b-EbrDQ0hWZDwhdRPp8RDQMEO5YsjMBW&recommendedFlavor=COMPANY_RECRUIT&refId=pmvms0y6cTwdWboiljSVLw%3D%3D&trackingId=m8ILw7r4yTctWE266EbbrQ%3D%3D&trk=flagship3_search_srp_jobs
37,37,https://www.linkedin.com/jobs/view/3234604964/?eBP=JOB_SEARCH_ORGANIC&recommendedFlavor=SCHOOL_RECRUIT&refId=vkqQncBxdMzqD4J1%2B8XnLA%3D%3D&trackingId=w9fW3uG1q6ZmICXaR%2FA4zQ%3D%3D&trk=flagship3_search_srp_jobs
38,38,https://www.linkedin.com/jobs/view/3233816876/?eBP=CwEAAAGDHa5XwP1ApbbehJK5kkrmJt1oaMXKYZ4yXVYNJM8jnDpmgZNSkQA4HdD2cqvENiW9MvbP_sRVffq0lrNmxtll8NPgsuU1H1dw8mWfCZ-lzKk_E8jlvNBW6Xmiv3uk1NLh_ia9lXX6MNdjpgzIYrERjppOwWZHnhY6l72QE0UrmhPswRo7PqWHfON-9jlnvFFv3z7KUdtH_0qYkWJXiLqIdyQ2L-xIXmhwpUJMmyVh7uEzZtl3FueZ6rr6VvlR_wfNQ1-4EREHKjj6h8u64-2H-co4I1FHGkrVumlCAQUDuikkMyymUbKRuytBT9xcya-GMVaeez45nfm1jwB9lrIvIXj409fspCo1-WxhktIIG_LA5eR3Hgh7h1XW&recommendedFlavor=IN_NETWORK&refId=cbHy3m9V3ZBJGwt5WA6jpA%3D%3D&trackingId=ib0tBylf2u2qQSIZSxe4Sg%3D%3D&trk=flagship3_search_srp_jobs
39,39,https://www.linkedin.com/jobs/view/3160081521/?eBP=CwEAAAGDHa6U4QHi0k7kDJjq-Bb0ZVNEAwr15ouZiDz71ggvyeUiS9i093KzXu-EqZ6QvIh2zKhpluc0jY-K1AiE13F0P_Jkk9_I74mDYAAUC3sKsFGcfxUTjCPw-LAhR_oTKklRBKJpQtvqdRc_Y6RJIt4IVmK3CKwOV7whuOQBB7QqFkkj4Q5FTLD0JJsuWn9lKax3_Eq2tHcRjaawzhi9qeg1Dd0hggY_4B_6sNU4z6LX0LIpCFtFXnZBVeoHms_JVaPiskMrDgKd6Tmfjk3L4Jb2R9PhtaAgxu11_VPfdzLmXKwJ3Wo-75zXekXAH04gf-7RD8ta4UTwz5jywBDqEkh2TIpp3JHrecLWS4LhTUivKS0McyqAVoxOiqRTT4U&recommendedFlavor=IN_NETWORK&refId=n%2FUW7Ila92RLFCmBDUKWDA%3D%3D&trackingId=P18psmj2iBfKP2Azibxg2A%3D%3D&trk=flagship3_search_srp_jobs
40,40,https://www.linkedin.com/jobs/view/3227965101/?eBP=JOB_SEARCH_ORGANIC&recommendedFlavor=COMPANY_RECRUIT&refId=cbHy3m9V3ZBJGwt5WA6jpA%3D%3D&trackingId=gtU51nW%2FHuYFBQ%2F4IGeTmw%3D%3D&trk=flagship3_search_srp_jobs
41,41,https://www.linkedin.com/jobs/view/2872970698/?eBP=CwEAAAGDHa8HhooZxur3vRCNmFO5PfSJSaW_HuwBxZpZwo4OxlU7ia4AFJFmqjXtFc7B9ZZQCpUAXUc83RsZ8-Z8f3pAbuSoRIXMnE4hgCVpAN1ZuO5pGO0cH_42lellLjr0cSdPLqU6luaaSb24KXbVI7eBMhefFMfgv1SnJmtfB6eSAp5DhsKe8I9RAm0Th6vpfQezpRER0oC_D96yLOCp7gX3teT5tpYxOFZUw0JwZNJ40tvE6eKcfOJbQk-nskn4DymhUcTuAnIISGJPOY_lrRvYYe9zqzkVgMwJ-2t9RuHGeqpo2T9bmKYbaanDj31QO2cPqIEN9Kp1Z4fFlSxRQ-W0uZm4BtMhI8RJlLeh0zoeQp2V3_BQO7XefIp7CMs&recommendedFlavor=SCHOOL_RECRUIT&refId=npr7rORtBCGvGOjWIrD6DQ%3D%3D&trackingId=JFo1wUxpgIalokFecDDguQ%3D%3D&trk=flagship3_search_srp_jobs
42,42,https://www.linkedin.com/jobs/view/3247024307/?eBP=CwEAAAGDHa5SqvjZM9FgTObACpYRiell5pcvEREAwPmPc1SE7K87dEzpMNdpIe5pkprsA4hVGnmyX-20eizgsXLBMCuRMjqqeNTSA4JmJ0zx9PE64lLADbmb6l_rYAfQ4O5XSW1yCbr47CyYooO6f-EpHKO0Tz_-Fx1z3EguHPS0P_8kvRu2EVMRwTB1cl-CtaCdsWpJ4qRAThb4F3xD4npWPOizdk2l-qsgw3IBLykfctd5D4reckNpWBsn-mwlKBmPhmWlWH4jYutl73mBWdkQA_iIkV-DFOwfMDGMOUjp4ZSqyzroaFP8d-J7CCAoBXAq0RbHkw0O7Fx6YMyd9MUs6fOAMC_wWmo17LfIezEnUvzy0iTjXGbURKQSKDqzagecrg&recommendedFlavor=SCHOOL_RECRUIT&refId=vkqQncBxdMzqD4J1%2B8XnLA%3D%3D&trackingId=HEm3BHnihjSyTnP0Cd7%2BnQ%3D%3D&trk=flagship3_search_srp_jobs
43,43,https://www.linkedin.com/jobs/view/3222935394/?eBP=CwEAAAGDHbAltz4MRDm2BGeuhg2lLMZcTg_qA2GHXXWXOG404-areSVnLWw7YhVqGmkSgcHgX92fxbHjOzNl1ezOc0vC2GDi1i5doYaDe9WLZ6oPzYaqlWRPuREiqN77lYiVYdz1TpVOJpS0J7Y5yeFXsN9n3_qIFiOjfH8JKuemH2Q3SbJqDjo2-ATn1pAfH8dSXx6ERm0RvA0s92oGrnwmWxd1JFEo60jAarPDW90z1IieZk5-Xceju27acoE8HYqtUYV39wqC3vfBZiiTTFJNtmDl2Kf7A5tQsKVKTvFidgKDf0H3V-IT1RpmAbtzNNHIVuTkmLYhToZAUosifsGuAWE61a9ey2FIyuyT-Ycu6ywZy7b2Tb1-76Cp9WAtPxs&recommendedFlavor=COMPANY_RECRUIT&refId=MlVA0DrwZiFNhmmjotcxOw%3D%3D&trackingId=PGOkDL6iHlL9apKs99ekLg%3D%3D&trk=flagship3_search_srp_jobs
44,44,https://www.linkedin.com/jobs/view/3256076526/?eBP=CwEAAAGDHa5XwGS5tlsef6_yai2JPzQ1rbWUxK4_pAivFujp7DxcTfO3YIxuwo_gkkMkFrSO1-1u3gNP3YFsQhBhw681uN2wLFnh1_a6dRWhf-lTiJ3r3ecFIR_yOGOJ2oa0AqfPawNHHfmuTf1vZ5Ha6GDHlX8Ar9NS2OQU9KqSl28s4y1us5R_pZx-KT2EckpR9uE_VL1Ky8p3DBvMRe5_oTbqPb523w5SwKBRZyUx3MFWWIW67kixYoH8GamytqBNpDVspSteADyRWS6BaRzrdcOKetskMH0-N02ze4YtQGRa4Iw5EWC9ekDBpHOjB7wVitKRkwo-qH9hF5ohuVL08tqqIFbJIlsJIsVfu_SJND8irNv6yqhliqg4Wpe9&recommendedFlavor=IN_NETWORK&refId=cbHy3m9V3ZBJGwt5WA6jpA%3D%3D&trackingId=jERjKcYbxrT7EQrHxJszdA%3D%3D&trk=flagship3_search_srp_jobs
45,45,https://www.linkedin.com/jobs/view/3205242603/?eBP=CwEAAAGDHa8HhhsAhCrgiGoyKb_SI8eNP2wvrVoKq4sNWrq_PEGkV-EfGVu--r2FQivSBkxvwgHFn8mv966NP6dcq_0WmuJ2sXygfccm0cjtrsOAtzJ9Aak2brdMmd6g8ggsGLF76VlfcZuiIUIMKpvdaWW2hg65SurSv8Qnz13Se3KII0Pjp40hDmSqGs6N-ga63c_YBKKxJbb47jSi5zvuAW_ksU6CmP3B-K68WnhV8Ct4G94YBQ7WLEQpU7IMGQNU9CprROPtt1Do51q9EKlcn-5-VOJLMx05VqTo7xE3sa6e0fkog3tzEcozgATTrDlPOnelNSreWUUXEonHZIUTDxr0XNrILqYW0TidGKWQxbh2rKcmYXOUIG7chsQpuwg&recommendedFlavor=SCHOOL_RECRUIT&refId=npr7rORtBCGvGOjWIrD6DQ%3D%3D&trackingId=pTh2%2F4L10Jdy8Kn%2F6MNgbQ%3D%3D&trk=flagship3_search_srp_jobs
46,46,https://www.linkedin.com/jobs/view/2790155099/?eBP=CwEAAAGDHa5XwN0yU23oJ1puIF3_Ky7nUgyPDGkCNanPi_TTBtnCkN0FIQCcYlQ6s7z_U-RIumkMD9xna4Ea0qWZTCys8Vc5UgxbyCsyVFBS42dmH6nuRG9EBD7HVZPHwTPqaWbY5dafeDktIjp-SJ5sV4z4N6rE3lgZdlPWIdHU406BGeWhAoc-Cm0vY2_TM7M8RWw6U43qvXmLk4yhXUhW8wdeJS27ENJPOkTqcGiZBVdHOwkv44iZ5LJIvVt0yWDqDGpk8N6jhAwPIG25FxsLghZSySz7yMDxSqVM9fO0n8a0dyWRSAeST5OeMoIEfNp0p62hJk-1QGahkqtraMeb_byBw0VRz20iTMdRhGdtuvcRQPwehBoK-Y1k2IziiS4&recommendedFlavor=COMPANY_RECRUIT&refId=cbHy3m9V3ZBJGwt5WA6jpA%3D%3D&trackingId=pAMaDoL3vv8OzHG6i%2FoUHw%3D%3D&trk=flagship3_search_srp_jobs
47,47,https://www.linkedin.com/jobs/view/3236289743/?eBP=CwEAAAGDHa6U4acks4iQ-BG8MFiIzPRBHGikSTAqGmxoUxEKw6IKxUTTY4GWBoEvv4M6awTriRd21xRlCkJbDpG2y1LvnXVwctkoufS4-HbruaBwXa2bD6EjqrOLBWyf7ujMpwr4Rz2kuG_HWlohHzF247LhvlixB5kM3O4y8v-Yn9ALhxm9J6niTQR2mx_fHj7MLQlx0kK5g0yhsZy5eMFBvT2zn6dRngfIdBcmSARCH24sv4b-pFuotsXrGappqrarV5W-2lrfmA2REnkQzY6d3jStERgPFv-AbTFxxZra1cz5R7bIWROCgkyk-JAvtpdme3VrUkhabpXs3GGdr-0mOUZJIIh4HzUfZuJ3uhElo-r4U_ctFUHi5KXR3XEp5Ql4iA&recommendedFlavor=SCHOOL_RECRUIT&refId=n%2FUW7Ila92RLFCmBDUKWDA%3D%3D&trackingId=%2FVaEpJptNcb7JOPm9vT1Hg%3D%3D&trk=flagship3_search_srp_jobs
48,48,https://www.linkedin.com/jobs/view/3255728439/?eBP=JOB_SEARCH_ORGANIC&recommendedFlavor=COMPANY_RECRUIT&refId=npr7rORtBCGvGOjWIrD6DQ%3D%3D&trackingId=Q8uXycvoj4Z5tmNDyA4xFA%3D%3D&trk=flagship3_search_srp_jobs
49,49,https://www.linkedin.com/jobs/view/3251070360/?eBP=CwEAAAGDHa5SqsfB2MkNu63fNPD0jwFPHjIm6PM3M9SFGbsHYQQOTIKWNon6azeZ5W6SeqtSsTz9EqJ0rx_3l04MB4GeMpds-mBUK1qA5R3OLUkfsztmfvMwAWsepL-lvkE9LtPBPHUZ2jDIzSbZypnRx8HaiIL26lB5Ltv_bZXD6zdPixfuaFcCiG2Hr1xtE9cbMi5hrHwwS5vblHHbQc5NDhWZIrdyA_CdSqNE_8k--6ctxDVWK498_9MPJxhZZJfHEbZE9iNUtJpxrZAaRJmB8jnooGghceFbDfwiKaLaCSAWe2bfWfGVJnNdKau9wgDxgwTQ-yNjAPAwW6fueW3xqsI4230qupIAnH3PhZAttTBs8WxBWFE29wIOj9RDMuGtXw&recommendedFlavor=IN_NETWORK&refId=vkqQncBxdMzqD4J1%2B8XnLA%3D%3D&trackingId=dB3onY35ibAZdxXH3Yu1gA%3D%3D&trk=flagship3_search_srp_jobs
50,50,https://www.linkedin.com/jobs/view/3214522142/?eBP=JOB_SEARCH_ORGANIC&recommendedFlavor=SCHOOL_RECRUIT&refId=n%2FUW7Ila92RLFCmBDUKWDA%3D%3D&trackingId=plKAZYUP05RDvP92NhrVmQ%3D%3D&trk=flagship3_search_srp_jobs
51,51,https://www.linkedin.com/jobs/view/3229052694/?eBP=CwEAAAGDHa5SqgMtrelmnY-mM-4a73MoXZTSOWK7U__H1cZ8fpSYDjg4GyrGG1fT-OwMf8wLpQJiykw_ajVzUkZJHSvtiZU191oU0VKPPs0Ttccidr75JIU3ksJb4Hz_RXdvCCdA4e9ZfKuu4o1YILd0IihHGlB5Euw0UD8IpANUISSRf_ifVoOgPko7RfKwrAnPjUoBFtc-cGZADTcThPhTJiR8A5qMCpvkeBFTgt0RUD-smnarh2tNdoZlPvqh5WftmeMe6sOGdT_MiEBTcbsze9JcicX8jfVUu9CmSnOruVFMPh5R70s7WQNlr68gaN-rUh5-DYRsofRMGkZ8LXJXXopy6uDvU6Ar9jojejhXGfwD7-BaRVY8pFvIO8v8ZWkBPA&recommendedFlavor=JOB_SEEKER_QUALIFIED&refId=vkqQncBxdMzqD4J1%2B8XnLA%3D%3D&trackingId=6CUHVY9LRBHNAjHjYKW4JQ%3D%3D&trk=flagship3_search_srp_jobs
52,52,https://www.linkedin.com/jobs/view/3255730311/?eBP=JOB_SEARCH_ORGANIC&recommendedFlavor=COMPANY_RECRUIT&refId=pmvms0y6cTwdWboiljSVLw%3D%3D&trackingId=BI6kdm7gW7Xzfi5BvKAOkQ%3D%3D&trk=flagship3_search_srp_jobs
53,53,https://www.linkedin.com/jobs/view/3228665567/?eBP=CwEAAAGDHa6U4R3HBUcH1fM8r34SIS_NxVYmp9zPAb4V3izlWqjruzMqFkhNl9rpfyVxU2ES9n3qXSxoRlxa3HEQI0AhdZBQBCFNmYQHAblLSTnzeqRmLqOrk-QreZE5SQVKavnnDd5RwTTvm4hEg_r206LYyw52nRweKXpklji01WFTZFYqWVMXLuVflHs8WJeKLWReNloTUPlNK1WeUq3vZrpZxliat_YkHcKABMH3Dm0OtDLpUvQbVN08BwXKWlS8-iYBl16e4aiUDOQVGxbROPrZw2xpQz3RWryfr2AaGzxN076DnByFWG8St92RspyEkEk8yoeQ3RphBpcjgBET4XKoVuF5Qv2LqXAzHm4BFVhqC8DHZCricqsJDMqqhJk&recommendedFlavor=SCHOOL_RECRUIT&refId=n%2FUW7Ila92RLFCmBDUKWDA%3D%3D&trackingId=0ITlUEM3iHsohR6UTZIu5w%3D%3D&trk=flagship3_search_srp_jobs
54,54,https://www.linkedin.com/jobs/view/3255733039/?eBP=JOB_SEARCH_ORGANIC&recommendedFlavor=COMPANY_RECRUIT&refId=pmvms0y6cTwdWboiljSVLw%3D%3D&trackingId=IecDeQca8cwLbMwP4i00eA%3D%3D&trk=flagship3_search_srp_jobs
55,55,https://www.linkedin.com/jobs/view/3231937252/?eBP=JOB_SEARCH_ORGANIC&recommendedFlavor=COMPANY_RECRUIT&refId=cbHy3m9V3ZBJGwt5WA6jpA%3D%3D&trackingId=g%2FFcKjNmJQzYH7mMsBqceA%3D%3D&trk=flagship3_search_srp_jobs
56,56,https://www.linkedin.com/jobs/view/2983443217/?eBP=CwEAAAGDHa96P00UnHkNdYgIoIO0Wpgsr2x96u2JgbivrFx_od_rDMd4g9uY02w6OJ1sxNSiToDnNJulEjSdWaVZSh1G06wSDYha39A3pJW2XlmvTIrmcwNcV_Cf4jlf14Y1zm25BiwoFF48AYQ_tC8lJQJ4Il6N6S1oQGZ4kQct3nFHRXX9bYtGmjFjRDCSLI4BJl5Bv5uq0LzQ3q8vSJ-vYnnkMWSone2DeaauamSp6Zr-NXAvG0v62tJwm2_3WL4APY9vX60XGZeMSv-IZUKtcZ_2zViiwPvW3fooO9VyerNvz3QcAhGskIw3Tv3ud_fhldt8aG-rcuSg0OOCiJklvFvg-655s6v-SUkuu1iYDwtpb4xCtJHJ3E2m0Bgk&recommendedFlavor=IN_NETWORK&refId=yoabJvJGia0P7wR4I40Ihg%3D%3D&trackingId=Zsxbty2r07TYhtdP1B3rmg%3D%3D&trk=flagship3_search_srp_jobs
57,57,https://www.linkedin.com/jobs/view/3246448611/?eBP=CwEAAAGDHa6U4aEw1B54KcZXn4hDrhnPjRMw4uATcCAnm_NFsohN1WsnN7bQ4pntWsm2-O0ycEkZKCU3mcNYHPAjJXfUAkwxt2A09X8RvHBbpwM_aDDxrdxj4Z_3jQBZuDGDNUf5fZK5MXV98EVpRQRkH7VcLRnzPHSLbspjYjgTR6k5YA1Es6Cv4bXiH14M15Hy1rlIo-jA_DgVjWIVSzE1aNX2_JtF51MWTfkBThqk7E7s3s4sTCGOByKPMCJDQG-byQKJQC3FAkt4aFweImMMXAhC0g4NBrYCdg5zfvTw3M3DiQdGswTw87klNZsxrTfz59z0loVekL6fbcbULlmZuDoFO5PzDqu9c9Vz69ZFGNG-6THcKvQvp3WHI36iMFM&recommendedFlavor=JOB_SEEKER_QUALIFIED&refId=n%2FUW7Ila92RLFCmBDUKWDA%3D%3D&trackingId=EUSy0WuTRHL88HDrozepFQ%3D%3D&trk=flagship3_search_srp_jobs
58,58,https://www.linkedin.com/jobs/view/3255730726/?eBP=JOB_SEARCH_ORGANIC&recommendedFlavor=COMPANY_RECRUIT&refId=lW9FkgR4tEGTFJEDK1ObvQ%3D%3D&trackingId=KsDiT1%2FJQyCZZ7izZnWXsw%3D%3D&trk=flagship3_search_srp_jobs
59,59,https://www.linkedin.com/jobs/view/3203302680/?eBP=JOB_SEARCH_ORGANIC&recommendedFlavor=COMPANY_RECRUIT&refId=vkqQncBxdMzqD4J1%2B8XnLA%3D%3D&trackingId=VnNS5DrIf1Ia0W8wL8U8VA%3D%3D&trk=flagship3_search_srp_jobs
60,60,https://www.linkedin.com/jobs/view/3223357072/?eBP=CwEAAAGDHa5SqplcGzFIQJZSL8cDo1huDQbRl4Uolr-FZ00IhCZiUj7XTX5nNr45ToBYmwstC69bmmjgSW7YYcqVVm3gZmxbsaR4DOYgZ75Bu4hV44-fow0pOI3b_E-_xoGeObp1EA3Qv9ND0S1HfbwghfmGMqyfme5JevXgQD036Mj90nuvDaOxgTOytPhwGFYggG0Hs77xyP7bhXQ25hTxhuPGADA6JjQsvhRQ3weKg8XlIFqhb_ULr2TzLBxTU8t1ninAG45dpmYNkn7UyhX_OFmjz2pYi4m_tWbbRWXzVX0pUzHrNmXIYNiK5YoifPcR-Fe8U4T4Qc6JdipXyoohCFs4BY0JysNVGqEkuqNRbTzbMGQlSwPyJE_eXiAZ4nzDRg&recommendedFlavor=COMPANY_RECRUIT&refId=vkqQncBxdMzqD4J1%2B8XnLA%3D%3D&trackingId=O572XwQi4l%2BYNZM40Ur94g%3D%3D&trk=flagship3_search_srp_jobs
61,61,https://www.linkedin.com/jobs/view/3257419123/?eBP=JOB_SEARCH_ORGANIC&refId=yoabJvJGia0P7wR4I40Ihg%3D%3D&trackingId=Zp4ddWQdbksIy01KrOLRkA%3D%3D&trk=flagship3_search_srp_jobs
62,62,https://www.linkedin.com/jobs/view/3232186421/?eBP=CwEAAAGDHa6U4bi7L4kCV5EAvMslUqva6MEEDP-e9WLWmx-c3NQDl_ALC3E0pY5_swFxO2d_jJTwPO6N0_Ghn8KMpvpeI8ZApCBDOon97Bp4EE8Kx6yv9UEav5Zkpiq1W2FLyH77y2wfPB6eUIEsFzBlWYPv-5YI5d8X-Ws3RUN2GyYnmKJ_apJed6Q4csF_nZ_g6ffzjqeCGLXcN8RH-LXDL6NU-R02qu-k_KEormjcF0bSaeUbJYNltGjDxVjT7VztpsnxD7dNsMSfPV7kl3fPYWzuPkcq1p6FdIUdIrWl4JauVRyEbL6G04RkxKwD6QRsJzwecjtc1_pp7j19uza9gnBNwioPa7FtyVssznSDBUIAh0BIXGpO1Vd2XfKGypc&recommendedFlavor=COMPANY_RECRUIT&refId=n%2FUW7Ila92RLFCmBDUKWDA%3D%3D&trackingId=hTxiNsl4TA0uW6%2FDoz4uvg%3D%3D&trk=flagship3_search_srp_jobs
63,63,https://www.linkedin.com/jobs/view/3254322888/?eBP=CwEAAAGDHa5SqjpeWW4Vqru7BhRQaCuP_k3Cmk9rB5xDQexsV0hpbg_vBdXuJP0wI4eJzYRxKwgGCJxABiHs-00in5-8ygK76u8YYQ10FgG9_8_AZ-dAG03bKVnN2BAAR9iZQlDz1-4rVbK6KHLvQ5UAAiKL0opNvcxuiJmJydTsir95ZFRQv5hgWNUGtR2FeGTrWv9zOvDzOrg5J0cRKWQpp2yhLKdY9YCGe3hprkRrcwNhuMRHEG7XG73quUQl80kwnND4KXuGMFX6nuZOufNAa6bLIyJ-AUcTf07MAtEX9MgM8wo8bz8qOvjDJtuPyraEHo28uFo6sJuVBfdl5zkHczp2FRzpI4M_JqO1R3UwxIUWDXym7mFDCVbKMq2I43hE7g&recommendedFlavor=IN_NETWORK&refId=vkqQncBxdMzqD4J1%2B8XnLA%3D%3D&trackingId=jNfkTgJJyh9sJQO9U7T9cQ%3D%3D&trk=flagship3_search_srp_jobs
64,64,https://www.linkedin.com/jobs/view/3174962445/?eBP=CwEAAAGDHa6U4dT6XWyb1GKu3t_YdqNoMO4zCbb871dyTinjmq9j5Q-upMNwiq4W-3ZpGJcdRWjlMTtDZexh_98JQ3TOKEyynLGIApSFYTHEAk5iEOSIJvzzrpMx-Eu81OdYgEnQjdcmy4uOSZb7Zvsm6uOTIxJ-J_QPdTUR-hg15aycHndlRQUBJ3xSOkwPJPtvsOr0HRZlZc7o_Ntc_EXYa_XOYZk8XfJ1l_nM9Ly45hDq8-pNU2QD3t2hbbhyRnrOOrQ2FzBWqNoIkpFPHI1EX2W5PyVL-EpOWjciNZc4KE0LRSkB1UAquHt28upfWLaGIgF99C4C6TiJ2iBjZQZWBzHcIdfZquhOWYk8iOkEykAAwF8zr7seJ5NYxxsbuzkgpQ&recommendedFlavor=IN_NETWORK&refId=n%2FUW7Ila92RLFCmBDUKWDA%3D%3D&trackingId=5TZcvGTZr3KBjcFffSXsXA%3D%3D&trk=flagship3_search_srp_jobs
65,65,https://www.linkedin.com/jobs/view/3255732083/?eBP=JOB_SEARCH_ORGANIC&recommendedFlavor=COMPANY_RECRUIT&refId=n%2FUW7Ila92RLFCmBDUKWDA%3D%3D&trackingId=yG1G1aiL6Y8bJdLVdIeGPg%3D%3D&trk=flagship3_search_srp_jobs
66,66,https://www.linkedin.com/jobs/view/3244108883/?eBP=CwEAAAGDHa8Hhg9fowDTscusMobdu6jK1tSX2ssxdqVOMiPJuLZN47-iKFLMHAQIueP6b3iUnOMGHybkJpfUxJdQyG8uLoI68buFNK3QEd9Fycnj3PT_rGcLU2mswFumbXMLuWuXD9T1ZB_t9DZYSxS9YIu339AQkeCDTT0IgYwAlYy83ynAqh95QDZks3Jaldc_uvVN3Za5XZ-cKzFyBgj5KU8TAtwoGTjBn8vGt9BzgJF2rpGELyBJ7h7dLyAF6mnyV2JgxhACU5I7jbNdE90YpIFMpa4GEWpEdLs5MskLN_Q832kR7UG1zVai1ipwtJ_Nsmo71-ZucFMbaarrZ3cIh2T8hVp37hjxNSphHK7ypukh6tVN0bkwgMbj9Ol5ipY&recommendedFlavor=JOB_SEEKER_QUALIFIED&refId=npr7rORtBCGvGOjWIrD6DQ%3D%3D&trackingId=zt84j287x5AVgYdVLheoTA%3D%3D&trk=flagship3_search_srp_jobs
67,67,https://www.linkedin.com/jobs/view/3255727662/?eBP=JOB_SEARCH_ORGANIC&recommendedFlavor=COMPANY_RECRUIT&refId=npr7rORtBCGvGOjWIrD6DQ%3D%3D&trackingId=bskhvjQeuKFA8GoRCKwY0Q%3D%3D&trk=flagship3_search_srp_jobs
68,68,https://www.linkedin.com/jobs/view/3257304228/?eBP=JOB_SEARCH_ORGANIC&recommendedFlavor=IN_NETWORK&refId=n%2FUW7Ila92RLFCmBDUKWDA%3D%3D&trackingId=1glTHa4nxqlZvrxS5aOK%2Bg%3D%3D&trk=flagship3_search_srp_jobs
69,69,https://www.linkedin.com/jobs/view/3244154298/?eBP=CwEAAAGDHa5XwEIdNLv0Ynoxd9ZJgHr6ztGCxU-fczqLy-2beZvN5sDJgpB8TtgpwJVMQJlacJDWeFG3IDswa0gQkSalbHXLYKshsRxXxdaMK4s7bLpywJHqYZbgugP-4VOD8FKHwFlg9Ox54c8Rbannpiv8N9rjleUVAwBeWkpfF4d7AXZnEx_i_feTANVKqqhL5HwFQLjdpMOjk4Oi0gqI6hEgEDHq9-Ke-kxvPH7NSDZxgFhAYyv6_OLwSujyHNdjVgn49J7_O6ItTUbSdem9711nDcPzrqJUKsyryXWLiS2vjwsTmh6wo8skLD2Uq78OU6fzW3EkNrSdc-zf9yCvOW50ntMD_9K1_9aWq1TLqbGeFLOqkfUUpH0lv58r&recommendedFlavor=COMPANY_RECRUIT&refId=cbHy3m9V3ZBJGwt5WA6jpA%3D%3D&trackingId=q1dpXOuJcedQWBHrzNMTww%3D%3D&trk=flagship3_search_srp_jobs
70,70,https://www.linkedin.com/jobs/view/3184352558/?eBP=CwEAAAGDHa8HhsxId3bDRWDc3rnXm0qYx6ziB9S-3IP1nGR-cspCa8cz1SQs-kvYfOUqjN98d3Kk4565W8f8ZflKhEq8saxOj6KTRwSC63D-r3qv9H7Mf27hMZrsTmpndoMBKN9noOOfuL4e_TcDNs7GNyNXj7zcs0isVsARD9ToGhzIo6AajSljhIpcDbl-7b31F7X4iuTiF_zPqF7SSPnS_yL4nOWB2-K7FPRCrC7ZFk-eyTc-OSFTZPd-gWSetUdL_9nMAbuYe2QCfwWI1tD5JFa7VehhaO4CQAeohnwTguSqRrtleKHxv7iYqRoZHVJv3-xi5Ldj-41_ClsKiarr7LTsILJXz4rtn-9F8ZkaRqMHav5yNUcaaVYEz2TF&recommendedFlavor=SCHOOL_RECRUIT&refId=npr7rORtBCGvGOjWIrD6DQ%3D%3D&trackingId=XNcWpeMNL9DEdxSU%2BFTP%2FA%3D%3D&trk=flagship3_search_srp_jobs
71,71,https://www.linkedin.com/jobs/view/2862251362/?eBP=CwEAAAGDHa96P48mXiTCEQfZmxKY5QqHU1HBuOQ_JCO2H11821fyP6rMX17FifMSMmtKOEzK_SFn52DUROo20LxbF6gORh9N_VqG3rZPJfAODLVltOxFLRfmb9e_eca4Bo109FLm16KAsSnkYnEpUG1WBiBdaou7wmxxEg2QwU31BvQM83xzSgi5eyM3Jz-7MHY2l9xXQDJS8deIfrhmklfp87yvH3jBZ1IafO2UnDhwtm218Htvb_QV9KitCYGxo_voSxWP47QzhoVCmCuVzELh8dafTGWrqG0dvCpXM72blXoGEdjenE31gGNyPOQCwXor7ft_9-LTzGoGjt5Xax7Eei46zDsPr0UplMw0wbd0kb-9s5FNaaPnIcDT7sZd&recommendedFlavor=COMPANY_RECRUIT&refId=yoabJvJGia0P7wR4I40Ihg%3D%3D&trackingId=YcLIw2TWu1VIiUWuxi4Ubw%3D%3D&trk=flagship3_search_srp_jobs
72,72,https://www.linkedin.com/jobs/view/3258699080/?eBP=JOB_SEARCH_ORGANIC&recommendedFlavor=SCHOOL_RECRUIT&refId=n%2FUW7Ila92RLFCmBDUKWDA%3D%3D&trackingId=skOJWPMMyg2RNfp9WSDnqQ%3D%3D&trk=flagship3_search_srp_jobs
73,73,https://www.linkedin.com/jobs/view/3204639730/?eBP=CwEAAAGDHa6U4ZM8vkeLRU2ThNCwRwBOjSGzodNaS_UoOrBOfbapYFXPzkp9UcWOeJiH7u9Zj6doIOQ3gMMbBvbD5WrMA2jacr4TTW7APuNyU9mnCE3FsP46ec8B99qZHgB1nEiWqLHcOmS-rPKTJGkpWKAmRpngZOpHQScGnJ2i2TAxNhc_JwR3MxW66Di0s3YepOoN4fx7FmkjGZBjD6s7coS3olui1vudqFc-IUeEgycIBvweMsCDx-eR02Wftmf3Ku3OcxCJhYh3psVHxJf9zhZpeAAPo8LKCTWOOSnSt8LO1Rnoj_HTJMNgdttHTvyAF9xdPkf6vpiRCu8aaNZTpM17KT80wfY8-mDGaoOkFFMZkPGc6KACCvwwwyzYbJg&recommendedFlavor=SCHOOL_RECRUIT&refId=n%2FUW7Ila92RLFCmBDUKWDA%3D%3D&trackingId=cFxJ8EDOP4Ch6M1ny5tGfg%3D%3D&trk=flagship3_search_srp_jobs
74,74,https://www.linkedin.com/jobs/view/3136635479/?eBP=CwEAAAGDHbBeFKPlrV3VDUELt5Wsi3k9331mtv9AAY-CQO7gjJEgVXMNcB-W45opRDi5m3mTS4sVaHphJlwtR1V9XYY-8lJgQHs_oqroWLv2P_KDfWnlq03cdUa3KzzDMp7FCpfciHEq_q27foeHKovh_B-d9zMyXN723ja-larjFL1mABVmQa1AZ8cKi8CtWmlGTAQyteFPr5SVcUaECiy7GmRRhBLMc58bm7tgZoq7I2PdQycwm5bR7CSN4Xta16zEXmua5uKUXpxGdlLy1Qk_p8HlQMwrmZkhiNtWoX8cQADCui32vzmft8t28PjEGUTZo3oWKt1YJQzGqy8SlhouGAm25zNk48AYD7pdLll38jJa5OiQdKM9FOhj8Cea&recommendedFlavor=ACTIVELY_HIRING_COMPANY&refId=lW9FkgR4tEGTFJEDK1ObvQ%3D%3D&trackingId=qqtJLPUHe7djDPgj5BEX3g%3D%3D&trk=flagship3_search_srp_jobs
75,75,https://www.linkedin.com/jobs/view/3096669429/?eBP=CwEAAAGDHbAlt-l4TOrU_e-FizlMTU35J9NHOsuEdzczYayAOB2jhTzdW6YWSUtwHjvECeGntMHBV_nvekbTygNGcULjy-vZClTiWkHUufcolL-VVmRe2-Jxs4jcWUJUtiufZ7E7mHIvH_9gXy43l22u-HgwuvupQjrnuCd6uZtpIq9-w7ntu0UMDR0U_yOegrrnJ2zlyIQoSumYO7hmWVRcLORzl5yb4wDjJaiYq2ZV1M3RP0YK1azBfu7qq10B3LUArkp9AOJ12BLctt7cQW-EVDpjaQnnOAA1Xck7jt-KbYOk-rvOAXu7U9NgB6nawvixG0GFmFMaIjp68ijRg0LMxaSEU5Dk0LrkOjx4w-jFv0LD7nngDpS3A5HEE481&recommendedFlavor=COMPANY_RECRUIT&refId=MlVA0DrwZiFNhmmjotcxOw%3D%3D&trackingId=bzC7IVxWpgDKLUzDrK5yZw%3D%3D&trk=flagship3_search_srp_jobs
76,76,https://www.linkedin.com/jobs/view/3189579215/?eBP=CwEAAAGDHa6U4TBy3XkkzY_OTpt8755koga5vTJGWaP7oTW3GmD4zbksVDiKRU1ByywOZDlE7UKwnY1lWOlh6yTC0JZuVicMyqtkADu3mHHN23Na7k32uk5wDSxsqQXn9Wz9JyO7v1-sEYP-wftTOvYltloLikXi8ZEz7N53srA1p91mnB-zqAkM8q0VbI6Wgwg5BOruGHAoGzOE7S-igSj9rqL-Co2FuLyQAIiuwcN_cUUVmsFwsRmQKoY7PFfD0wf3CvLSdRA49tzKHOcQaahe6PKoj0IjYpbyrXkqw3f7JGl1fMckefbsGEjxQ7mobAYqMw2EVLEwK3QdhdP31Bp36vaJB1VsjcgEnp721C0gyMPEm8kMpZDVJwaS9JxN7LE&recommendedFlavor=SCHOOL_RECRUIT&refId=n%2FUW7Ila92RLFCmBDUKWDA%3D%3D&trackingId=rtwBKx1PM3U3wbLtyG%2FbFw%3D%3D&trk=flagship3_search_srp_jobs
77,77,https://www.linkedin.com/jobs/view/3221918621/?eBP=CwEAAAGDHa8HhgvsxPtrcTv6s53BzFIovmBsAzuQ5l9m6a3LpShxQBOu_Jw6zGOBdWG59o4gMiUjydqZs6q3RlxrkJQbPTh_dxwE4yFu2lTNAJYGjeRyGYTqnc9VzLgLewkBvEkqblVDR2c3h329yv-maEl4Bw8IR3waMFYvdhqhOGaey1IP-ZT-5ivACg55JhIkFiTg-7REisUgXlkyPfV_U72EtzM64Xg1QuCZHgamllNylXQJis6vNsxNJOmAIYIWyZiJ3Ve0OEeT-XCgTPl94qGKQfpegRodUfEvj72nTq4ACEyNrWL99BwurA-3UKU54cs0r9SyFbPpOTB8Lm9SxDQmz9EysDI1zDvFDhyUIDgeU9D9PBdhGteOICxg&recommendedFlavor=IN_NETWORK&refId=npr7rORtBCGvGOjWIrD6DQ%3D%3D&trackingId=eEebb9YbqEI7XzEjaobMGg%3D%3D&trk=flagship3_search_srp_jobs
78,78,https://www.linkedin.com/jobs/view/3212254671/?eBP=CwEAAAGDHa5SqqrN0PtSNNi8io0MncYJ7tVn9pplR5kcWJwaaTxgYeQ8Um0UPCdYVNr3oCKCW65SPFtyHwXKUgRbyKP69zFTv94VcRARKFKmJvlrVrFwjb7MSFxbsYuyUVEGCDwHUEZRtxzNRe9DV7ePNy38X9gmPWxhEGNgOmddc1m10v_43KQfjod2CeN9khDR5fOBMSAvIj6SkD4FgWBmg9NWhDu6l2F9wYJyE2ThTwnASMJxt7bkPxENr8lLeT2yAvJ1ags31iHPCwQB1vGOnKbM-BLZTCJC9sSuSwd2jMit17zfmi8hbGBqsQjJcOy_2gsHE32obcyspu-Knv1FrubcXjdWj6NQG1a4DjbWmgFvU1RjJHqXi7WM65_oPrU&recommendedFlavor=COMPANY_RECRUIT&refId=vkqQncBxdMzqD4J1%2B8XnLA%3D%3D&trackingId=JJLDoVKl1gvPgjFWRwIKBg%3D%3D&trk=flagship3_search_srp_jobs
79,79,https://www.linkedin.com/jobs/view/3189581331/?eBP=CwEAAAGDHbBeFPbyLEPbFh8JZPmdr6YhxRdUH6i1wOS3b0h4bBhtACfexK0C67yxLb8XI3Cvij3v-BnKY-b3B7NHsURiFuz1wf6eUPmA6NusEmHjP8W6iX-PM95yesQqK2XRA5SfBqgz_LDe0Mjn9H736ATjjGw0gk7h7Xk_OSKHfflwss-bQo-kZQ5HW1S3Qz7IjSbRqEiyhn1fltPVXDxFMs9708uADt-aKoM9RgRoueSVx920uIiGUgXRTb9yiTahwZxEib-_7AqRsns8JNryVgLKJCVm4WoxDBEUUumXqUmB_copd_Hss6ynwJ7z7IHssNJ2eAgKGrNQJS27iFbIm5TG5ymjpctE36NKO2FwfIFhmhd0DHoTIPe8yWAl&recommendedFlavor=SCHOOL_RECRUIT&refId=lW9FkgR4tEGTFJEDK1ObvQ%3D%3D&trackingId=7vt4dkq7Fo13kZys1BYHpw%3D%3D&trk=flagship3_search_srp_jobs
80,80,https://www.linkedin.com/jobs/view/3257367240/?eBP=CwEAAAGDHa5XwJNpePhS8CQIIrf28kYvlnaRCchqdHZrN9_EyCrPbYEau3r48b3T6U6nU0HO0nmzAwC0Nj8UxQuotftc-5nTtR5TLPDwhxPW9z7p7s3aJFK93Ah4IDAATx3OKp9QMIrNdks8vmwO2mf4uc7d5-owrJZJhP9BCSyKW3wPKI1QIcx0wOzuMHfyAhqklLAmD6i-lSn7BfY9KNb1ERwfmxqa5VbdF5nydhRx7FynQU-NXo1LrOCfA-3rVmxhJnJm26GLZRYu0ZvDhGwyhKHp6wbZqPY4efEhrntMuVNIVkAJH01uT1ziaSLDD8bUP9ONURxTG-72YNja9jGwC4akXlQbYmDjyWLRIjxNaeMCBsjC5nNin94DsVJ1LCU&recommendedFlavor=ACTIVELY_HIRING_COMPANY&refId=cbHy3m9V3ZBJGwt5WA6jpA%3D%3D&trackingId=lUW3tfqs53jnRr5GW1vWQQ%3D%3D&trk=flagship3_search_srp_jobs
81,81,https://www.linkedin.com/jobs/view/3258053055/?eBP=CwEAAAGDHa5XwIEuCaDjaIQHDeMZ-b9u2aFI2EC2tzV6qN5QWb1rLFu15O7nHli1Z75UC_uoWJMF_7pZaBnQ6A7AMtUWcrgvFd5GRws42_6gzwGlCzmQN_qXiDvWRzQspy9VEPxD6rPoxoLDTrcIbjSmw23sCQUYzey3-27x8oH24qKt4dIX0lmYqixKOi0xQkhDMvxEap99NVwWFOTurfgM_2mBYPwnHPImIxfoFCZlzNw-o6tYKic4cnhk0xo-QbhQq6ED1QkVw1fWpszO5450pn6zcIjbdVJtn1YuTxzAF8ixUkIB5gZKdeiQOt1NH6ET7unEFvBv1h-c81WJPciyQtxB_CtCFAX3l-LTLJeGxr3pkASAceKwXjieaAGIwSQ&recommendedFlavor=SCHOOL_RECRUIT&refId=cbHy3m9V3ZBJGwt5WA6jpA%3D%3D&trackingId=1l0oR%2Bss83n%2Fgs%2BUouAkOA%3D%3D&trk=flagship3_search_srp_jobs
82,82,https://www.linkedin.com/jobs/view/3105633231/?eBP=CwEAAAGDHa6U4egiHBCOZbOzaJ_z-bFa_Uj-fMAsxJ7hbmpeWOE4nObNMCKPfVhl41ro7PP_16nRD_hXID6Wb4Zwfx0ew9PIj3gwa0fgWX0I5Iu2XdIeTGSA2RPeTW6DCEeQLTL9DTWk4f4ucUcIrNtmiND6qHflOmhrTVqbG7egGo0sVfJLDf8m0Fi86yYaLLOC55tauW8-6h-RE1bhPZJP83ML6hPG5Xpkx_xCDjTsAzMWXUMQlGuHxhVhMv-NNoDGu9rxPZnyTxXsjMIu75PqNRJ4-1JnaYuf0sJbEccFp_5m-OcAvcvbcbLHsRouLxqYdjd66wNcr1ghEEm1mxnqAz3o3y-tlovFSNVg5lPrRhF19ZUJmZp68DmzHpEY&recommendedFlavor=SCHOOL_RECRUIT&refId=n%2FUW7Ila92RLFCmBDUKWDA%3D%3D&trackingId=0PtORNC3tvglJx05ffEssA%3D%3D&trk=flagship3_search_srp_jobs
83,83,https://www.linkedin.com/jobs/view/3227613863/?eBP=CwEAAAGDHa5SqpDxz331IPCRUjNMmh9El4Ti3daEsCv32PtMNidTcdGoj6YYAI2S8gI677cDEG9usBFYsgQrWDxRDk3O2ui6xb-yAyYvk5Rbm5LRrZY6qDjdXZMM48VPfXmhAMduGBzxbdIkB_mLDGih8YqNPsplJgMmsgFYZ1gVUwFu7JzjBVWZnaNnjMZZbwozG9nNbD30isNKsIpbNt4wUqOMKAXjFgxdK0UMlUYPeHJkoE1l5nL-yVKK4aOVRSlTSjjeexvXb7JxNSjtD5asXd62PhKcWTjV6ElF8m_hM_QOjHbxR017iwdMVRqforirCi8MKggTZIo7scsADK9sxn-u7QL-gVHnY2gf7wCL-FVgHRafSgo3Pn4TpPHYaNUlFQ&recommendedFlavor=SCHOOL_RECRUIT&refId=vkqQncBxdMzqD4J1%2B8XnLA%3D%3D&trackingId=PABaBsPWTuVVCdf%2B27VMjg%3D%3D&trk=flagship3_search_srp_jobs
84,84,https://www.linkedin.com/jobs/view/3220025083/?eBP=JOB_SEARCH_ORGANIC&recommendedFlavor=COMPANY_RECRUIT&refId=n%2FUW7Ila92RLFCmBDUKWDA%3D%3D&trackingId=%2Bnw9HTgc3ROpx5Sn5F%2BjDQ%3D%3D&trk=flagship3_search_srp_jobs
85,85,https://www.linkedin.com/jobs/view/3244305355/?eBP=CwEAAAGDHa5XwKdCZkHYyUDHoBjJ0sIceVbvJPTKE4H4enOqPRfvHjNSVYWYhT-_O2-3xhkot2m3pPiE6v35RFxIvUUmzVdUhAWDIyJZFbZdDovswZtoD8GeAGeaMZdA9Gk2bBY9vd633wLOZy1QQCDzMLuhr4w-_Oa1aQw1WYFOHU_GjB6mSB2I1Xcaw5T0lscJkdoOl4aPj1y3eu-wSRmUTKRJjXZmN1KLOGlyKeQZ2qvTBKl6r3Mig7otrxKB0Q2uePD7A3B9YmaXzL9nyCsVVDZGdIYjIFy170ZH_CxWnI7eD4zziONDGb-33NHGvsqMaZrs2Dc2-OhLVHWtIUjqykuD_R1Su0kGt00PDwMaIosNcBXyc_38My1JWhhL9JU&recommendedFlavor=IN_NETWORK&refId=cbHy3m9V3ZBJGwt5WA6jpA%3D%3D&trackingId=Ya1ByrSaej7DBgek9ZgVFg%3D%3D&trk=flagship3_search_srp_jobs
86,86,https://www.linkedin.com/jobs/view/3253052312/?eBP=CwEAAAGDHa6U4THIbh6H1O_Ksd27BVWbA5MN8xYHT97xdUxp3dtyjYLX7XjI0Jq7yhf5Boy4WbxIXs_B8Rl1M64rFi-vMIexiJmDdfiJhtzjzyPDmVWmu48jWL9oPsIQvqG44_qODm0gPawvvz0bieMDi_qilfnjxg4GaPl2iVq74zDluPLyQ8asKxJtqTv6bmSWzY9K-Y2dM0DZ4fhT9xv2nVgnWepdDpXcaiMm7OCfRmJl_Z0-RsD241cNRTKMgnlvrF7FkSYRu_BNDK9P1e-mIIxBjiOcRmxG81JeuXaBYPhT8mshab4P_ykulQY7L8VIlnc5gXqJEE_UIY_LX4zYRsV-TGXOSQxURfIncZWkg9wZ4cBytoXcZwLz7MtVB_pXPg&recommendedFlavor=ACTIVELY_HIRING_COMPANY&refId=n%2FUW7Ila92RLFCmBDUKWDA%3D%3D&trackingId=f4in4MwcVtZHD9zNfPl5Kw%3D%3D&trk=flagship3_search_srp_jobs
87,87,https://www.linkedin.com/jobs/view/3072213601/?eBP=CwEAAAGDHa_s00EZ9alvw6ZCt-DFvDiZ0sBVmGkUKNPbuKWJBrurRx7Zh-hKN58_pV1s6cmxU-kf4d7hDVEymXvO_qePl6yiEXONp-jdy1k2qGEnmLcIORtKWQE92A2Hfi3LvEGucW0GTKkU971NCOMD6O84Dhuf2K08F6DPTc7_ClIc6TMBLG8T5LF5JYXFSOaA3GX3B0Mw63rPt9CueZD7E--mWyNzae2fORrU0_RFKXa9YxcVLcPud8MHh8WKca3CAvJF3gVU4yDzMFMZ-SCrgUggMh5DhZQZwd95cvicK-q2jIoqbMKjs1-Brvn9FrdzbxmY0h8rZeXRX2wsKnNtvSnTxz9d8-AFYY8cYmNRWGH_9Aas5UTX2zVUsYs6&recommendedFlavor=IN_NETWORK&refId=pmvms0y6cTwdWboiljSVLw%3D%3D&trackingId=PR0%2BUbSRjlfYZc24izq%2B6g%3D%3D&trk=flagship3_search_srp_jobs
88,88,https://www.linkedin.com/jobs/view/3096670722/?eBP=CwEAAAGDHa_s0z0Hz6gM40SPwAqN75xOBh6ioNHNetQE0udh1HbgD0YCitC-0DYNbVpKVTpYi7fX16EIrq1AeqIhNcSXFvQURg7Dpeo07qdIWgQxUjoO5LLNT6uaAFx9EdplHuPdg9HroKLChKEUAaZ_GV_WT04DUK1Ww3MQqtTaa9Cp3Ao0hdKR3Ib5BJX0m3-YrAUpBPrlW1aL2eaDjBSRyDQQE358iqvRGz7byR8zvXKY6knEF_2sb_occQXZR1VgBl91Z8DimaADoHqtjq6YTeRIgUTbExBUwCFk--jUyJkTmNTPNhFkLUMy1LpOlMFxSULyd3UdaNmT0iDeTPLWiIAw256319oM_SQzvM8sKtoMaec_xF4QAUuQdmlBLxI&recommendedFlavor=COMPANY_RECRUIT&refId=pmvms0y6cTwdWboiljSVLw%3D%3D&trackingId=Epi02uvNPxDxRdS0hIjCwg%3D%3D&trk=flagship3_search_srp_jobs
89,89,https://www.linkedin.com/jobs/view/3238805808/?eBP=CwEAAAGDHa5XwHiY3-1oGWFg4WsRpBPppUaYuPggcigSDbj-Q96uASpkxjKMP0Enqvoi4Zw8AOHpVLuoxu2e9AuOyVMT4JPQbamICrUYp3V4AkpVrSsLkvpaUrvcNFvkkwvFgZwnPFERhQiMAHck1WiBfNBam1W_Md8zqY_EmJAMzD2UChAYUcrA91s817QKwcl4z6sfhQlvIz8u0wj6adn5o6UPwZt9IIcIudyKR2gy5Xk33OJFLb4Q7uSqvLB4NT0Z2BwYy5lEC77ePdqLK1NA7AJbP2XtQ6DrKKIl2walEWTB_1aiGE5uYJxf2xhZI1lfaHZt1r-_ZQ-g5sL1pgaWrJZtylQQQrF_hbwyvmKstJ5NFol4su9vHMnBh84AipQ&recommendedFlavor=IN_NETWORK&refId=cbHy3m9V3ZBJGwt5WA6jpA%3D%3D&trackingId=WrcWkUKUusjnS9O%2FyfAnRA%3D%3D&trk=flagship3_search_srp_jobs
90,90,https://www.linkedin.com/jobs/view/3255729828/?eBP=JOB_SEARCH_ORGANIC&recommendedFlavor=COMPANY_RECRUIT&refId=npr7rORtBCGvGOjWIrD6DQ%3D%3D&trackingId=L2Ax%2FMIsxkDCiE7c%2Fbuq3g%3D%3D&trk=flagship3_search_srp_jobs
91,91,https://www.linkedin.com/jobs/view/3096668468/?eBP=CwEAAAGDHbBeFMKuI_9QFQkQFGKX96GMETYy7RwwPs_ZF5JXFL5Bqsx7JO145jbvWhBYCEKXCWqlLZb92MNShIO7iZIjgoXaVoqa8nq6laf4mQ8wxp0MRqnzqbxMZCktQ4ADyPKzsqE-casjD_CdS3etyQAR8qOymd-Uc5AieUc1ppNsrpkSbdFKqDcsupvbKRfMMLZTTge91UynXJCP0EztSPr-heNw5pEWaQsxI8QwK1Fh7b6mxGUhjMtTJmv2YT0tMfreJbBQq_b0gvTpoBvewxCx9ES6KNvLHuQuP_a2qqt1ovGmQV_KgMEGTS1QGCYSuWZ2EMtr9tLC0Dcubk-AwvuJ3lKoxto2YeoLyy4ficQRvXze7ecj5AjrYUeO&recommendedFlavor=SCHOOL_RECRUIT&refId=lW9FkgR4tEGTFJEDK1ObvQ%3D%3D&trackingId=PtCq1Kndon%2FsnkRUgrBBwQ%3D%3D&trk=flagship3_search_srp_jobs
92,92,https://www.linkedin.com/jobs/view/3254756705/?eBP=CwEAAAGDHa8HhlmzW0GTzhg0PTI0OhpmiR7kOD-1jo7M8CcOov_O8KlerGjBJfy4An3IhTU1YEZQ24kKqgNGaGUa92uOFzYAGrSgblV91c4jq8bDgiehp21fM8wwp5mUdwF5FfH0vKMTd4aMKaj0HOzEzeOG6A4xNp6-V2NGY7x4DX2A-rZFv2zJmxp9PBxHdK2mW2fksOyjFah4YYB7e9LW2TUCGMOEmXXVZRLSe2ZyB7ByCtHpkHCfv3rOHMUsO14Sd9E30O-MFCg93187aWTmhkMh91UpQ5Uu3r7hZm7HVVKVkK0zCq4Msuk4W38eg3QxPo7CWPwzcj86MhryPryESOBTHoWlvs_CGu9J5Yhxs6MWwU4bzaIMBh2O04aN9LY&recommendedFlavor=COMPANY_RECRUIT&refId=npr7rORtBCGvGOjWIrD6DQ%3D%3D&trackingId=F59c86%2BQ179ENjfghQhsmw%3D%3D&trk=flagship3_search_srp_jobs
93,93,https://www.linkedin.com/jobs/view/3139712927/?eBP=CwEAAAGDHa8HhhbpoWOJ67u_-DY5olECmuBcXiPXOdZMjRbZQlBf3eF3X02HWmYH3bQv8HXeSvn5WoKPtuAqVedrt7M4Vqiv0f3zXeyVi-df8-f_vWH_sDTTAs8-YuI_4ICVBTx0SCCb2NV02V6DEd9ldBWM-ytNlDPuqp81i5JwzEI8GvGKziD54e7mgCG6CNUMAjMcKsgkvt3OVCt0F5o5BZaD3rh4t_XZT1i-dvR642s7fVldZuUZIHYFBpzYy5oD-ODVfUYWEZ9UxQj6dGxqIn_KRqLXnfdbZAjCb_8XoMTlA4WGZt616-EcBNVVy36s16dZwUmO_gisEUUuuMSO_9jWWbXfzqGw8xO7zAK9ynDIEtHNRcmXsVvoq7_08Fo&recommendedFlavor=IN_NETWORK&refId=npr7rORtBCGvGOjWIrD6DQ%3D%3D&trackingId=nJl7EubgCSNdRoM545qO3Q%3D%3D&trk=flagship3_search_srp_jobs
94,94,https://www.linkedin.com/jobs/view/3229049607/?eBP=CwEAAAGDHa5XwFQhyebifgjOaHD-yzJ1rydABaR7Oc0_nuVrZfvfXmuiTTARyjdtts4FOJd1H4QzpA7PARIocn34eLCweaVWh-xVEgzS4zEuZ0Rx1r8jGg0hd54SxXBtirXCVTClDJ4lhRkth-eo2b5jsRETA8e4gJ1MX40BYHhpZjunZgEVJMLFlpCR5W1qj0iKLrmdU0FbzJgNnzVzhIC6Sr0uC76NKtk5mrBd0r3-vYNHi0YXl4Mu6222j9tc_07FbcMiLwq4byNHVZe-wUt3FJk82a96cBpnVlA4tvC7sQfyMSBvqPMv2j7M4q8_E5SrQ4Fa7stdj6-eMQN6zY45s4M2Yp5YOIjkjW30eVtOwOBJaDogXWkb1ypelPMlSyY&recommendedFlavor=SCHOOL_RECRUIT&refId=cbHy3m9V3ZBJGwt5WA6jpA%3D%3D&trackingId=Hk0eTVFbRayQm%2FW1gkWTDQ%3D%3D&trk=flagship3_search_srp_jobs
95,95,https://www.linkedin.com/jobs/view/3157928031/?eBP=CwEAAAGDHa96P6_CaKKl_VPAsJc_8REbqUdAQN9opUJrmTsHnOZA9QViFZQ41lYYG6fbYTK2EyOH-BUZ4cHW3FXx-Mgsx3ch_QUrKnnbT08D0g73ov-BYZBAbAPigkR9y7E-jZWslagvkp9BPSe9Lw2JSXcFwIbXDHNSAJG7_GkDi82tt32I7xxYnixv0n86Fkk-iraRE4UQK1OUQ8e7wallTk7kKsmHaZOcJE1Erjg4x5KfXBIGL3MX74VW640mQyZRURlQcx3ui7bo8rYDPV7eE-T4RvuyJRVMAvckTPd86wLqCKmQCuulsNVFRquZrUu7nA2Xx_NSvhbJKkHNunm2ibHplHMGG3QiCEAbSLbqOASMmqwJm75JmckPXJTP&recommendedFlavor=SCHOOL_RECRUIT&refId=yoabJvJGia0P7wR4I40Ihg%3D%3D&trackingId=gL4Pxx%2FpQaHRZIXHWfsEbg%3D%3D&trk=flagship3_search_srp_jobs
96,96,https://www.linkedin.com/jobs/view/3225591791/?eBP=CwEAAAGDHa8HhnSOZBpipp_62A7yx9N0wwRm1WVsby51V2Tc_3Xr6XEw6HdDWKDDWAiOdihALuL_ibXWR1qZrQsyWZshbUnZpPAKdt0IGqeReyVGME9_PU4WSF-n2iUcW9IM-apIUkRPwUggFKV8yfzmg5ef2jzpr8KnkACRlgjKiOG5MktRJwDhYLXYxMRs3iK65VmtDrCijKxlAC9mU5TECfSC01cP-N3fRjeyB-_vEyx6NHnTp3sNQJYbGU64HZR9lLyqpSWXWEsr191JQC3MA_xwPpekUytdNwgA_ekOohLHyp9Onmvh54sWKh1SWRw8AYkFf-q8ByW2cAzc4F3-KNcq0ml_Sb14iAGTyMDhZ9zuHrvgyNut23qNAX0QgII&recommendedFlavor=SCHOOL_RECRUIT&refId=npr7rORtBCGvGOjWIrD6DQ%3D%3D&trackingId=bpt0zVg0UN9kh8AfZ1xVUA%3D%3D&trk=flagship3_search_srp_jobs
97,97,https://www.linkedin.com/jobs/view/3238499358/?eBP=JOB_SEARCH_ORGANIC&recommendedFlavor=JOB_SEEKER_QUALIFIED&refId=npr7rORtBCGvGOjWIrD6DQ%3D%3D&trackingId=bby%2BlpWZngoBCg9toRJ5qw%3D%3D&trk=flagship3_search_srp_jobs
98,98,https://www.linkedin.com/jobs/view/3225984093/?eBP=CwEAAAGDHa8Hhi5Xsh1y_2wvfHF6g4rA4mSy6vkYbRr92J7gIxDMqFZrkV-xpJi8x0SaksAjfH0xAK5UOoomZHiTF5ZGdGibKQUHAAARcHU7biOm9pqTnNLkphaR86gLGhwv8AfYW6ki8dYVmXKA9N3MDg0Gh7e26dTOxKltm6Mlc_1c3qmKomuRs9GZsU6cZsvBAspExcu2zgs1ghqNdkCdLu0lQr0sjfTQSCUbVxeyFuRMLDRty196gFcY9W153gVMdV0gyzYsUDshSo1IT5vj_1sjv3PD89DKhk6HQbyG8TqG0AY1Ah7SqIS91zH2RY-f83ocdxaXTwN_zl8IZCUqZztgrlCvgAzmh0Pjs0oKxn_lO_C9SD1g9DNAKhGtTmM&recommendedFlavor=IN_NETWORK&refId=npr7rORtBCGvGOjWIrD6DQ%3D%3D&trackingId=%2BH3qcwVmmEoABw66LqxdAA%3D%3D&trk=flagship3_search_srp_jobs
99,99,https://www.linkedin.com/jobs/view/3228389193/?eBP=CwEAAAGDHa96Px7GY80RofX9PnRkBoUsSQeQJoW06Te2BG0iC2Xltkvcvps-UfZIQvN8HlyWlByQ3eiM6SEt4Jv_RHQmroTG1FTConv7U4TmsEY-rJGE01SLbgzvgRohIEln5v4qCfg52t09wXhGjPJwjRhSnbZnew86v35W7v7sJ29Hz5_hJOrDd_1DwU9SlD19BIbhvkkRkYUsftlVv2NmI-tIUPj11JiLsmTMrXZNAmqQ1WD_BR9DfjCSVfsMDrRem208LvU3w2Z8BxRbvt1XOJzMi3RQmT1WNIjMJHS9FCLcxEYNj3w2IdJZ9ZbtHld8FlPMeL0c0iBFNPBTAlJnHJCOSix1vio2kru8ztF6Dxr_XcZ2_XTL-4HJ5cLljtc&recommendedFlavor=SCHOOL_RECRUIT&refId=yoabJvJGia0P7wR4I40Ihg%3D%3D&trackingId=ZLDjyvxuVQNemI72xJjthg%3D%3D&trk=flagship3_search_srp_jobs
100,100,https://www.linkedin.com/jobs/view/3217258799/?eBP=CwEAAAGDHa5XwGJo0rTVqxlZ6Qk2cKysSWJFcR3HeBA-GW4j-G9383QIRwEOKRRyXS5A-8cPxUEjuplbBipx2Z3CQjnLFwGpvy9hc-QuloF5Z19C7PWsCpy8xKCR5HRKKX_19HYKU6SLWkNNOXeHWdHaX_68rab-klLgkwkFuN9fqntZ3uUY2D5xuVVk6u0Darrlhdl2zMUrzj2Abn1cxXYhFA9d57B7BgUeLn_mxGgmDCkYbAojoRscD4os_I2RKRALjwTlKcTNTHKqViabg_o4iWFkxPtj1gjiJoVjwUFserK6RqpUHzCzU5wDgOfiqhoyEf_QpERm7yEXZv-XFDgo8HeYNqJPs6smihQZzfBpZiKAbOnfmlM3J5dVuzDcrdY&recommendedFlavor=IN_NETWORK&refId=cbHy3m9V3ZBJGwt5WA6jpA%3D%3D&trackingId=gwNN0yr3PpnUsRNhS0s3wQ%3D%3D&trk=flagship3_search_srp_jobs
101,101,https://www.linkedin.com/jobs/view/3172708127/?eBP=CwEAAAGDHa96P3nGCZPvWId4QgcarfL6Cpcyw4mdh7x7zcd1GahHHVuF2ip4b3lVCPXwKFzzDALezIUO9VzJSnSFmWch4AHh1oGBXz-BelCYSps7UeekzwDnDhDmFGLWJYzhLmIqXTKn5I7zNGsV8Q3mvjL2J3yNqZncM-7PabIBQGZCz1Qf9hBPWN8AWrdcVJfxPlpWD9F_CLvsAoNJXSXBmQTv_8bGvK-O7Dkge75dHlfQOsXgt-ed7thn5exHxLF2GFUi9tgdnCGY0v8HJ6StgcNdWX-ieDFn6B7at7q1JuA1ZhXjY3oDIitDO4va97iL8D89iZK_68JR27Bq1dZm_CW7GW9LdIE2XxSuIyMPSoQHi1qzqR91GoRRwxPV&recommendedFlavor=IN_NETWORK&refId=yoabJvJGia0P7wR4I40Ihg%3D%3D&trackingId=BrKbkHgL%2BwBRibsjZr1oiA%3D%3D&trk=flagship3_search_srp_jobs
102,102,https://www.linkedin.com/jobs/view/3227963426/?eBP=JOB_SEARCH_ORGANIC&recommendedFlavor=SCHOOL_RECRUIT&refId=vkqQncBxdMzqD4J1%2B8XnLA%3D%3D&trackingId=3EAPZIyGlieeBF48SQEp8g%3D%3D&trk=flagship3_search_srp_jobs
103,103,https://www.linkedin.com/jobs/view/3253032901/?eBP=CwEAAAGDHa6U4bGH9kNVnR-OJmNwHEJbnZu7eiz7inZWfjJ457kLq5A1DUqykcuGjAMqVWtTm-A3QDKfHONRga37wLvIpF86HaHE4-F5CAjm1XLgICW20SJK82u9f6d9AlaCwq1ne_ekWBjD3KvbtDybz6fU19vdK7MKJRbjdv3VM4zhV7SNQZSVVRcJqLi_3nv-Iqb_BJrdERPZFcUJp-hDqcbq3qZYx6I0Vkt4Ph7nqsbBE9TKtrwQIbB3XFPaEfu859Dv6lc5TTFJ1bEzmbE3VnMWDddx6n08WZJt607wlmwW4G87F4-PAUjplnayCvM_MXLVoxehALsyIUEKBCRAyvckfZNAJWpBkX9silBOX8lg_U0uvVYq9LKcGKNekPw&recommendedFlavor=COMPANY_RECRUIT&refId=n%2FUW7Ila92RLFCmBDUKWDA%3D%3D&trackingId=kxf4aVSyTbMwW3ld9KwrfA%3D%3D&trk=flagship3_search_srp_jobs
