,links
0,https://www.linkedin.com/jobs/view/3105633231/?eBP=CwEAAAGDHbTp7MzMv5GdmNS_lSBeEKYQ0_UORwLUP1Kg5lkOBBUetyb9vQtxLU0JRDRpU1Y8kYSNYCZ55vZLOCRmyCZLQFnb17Fx3oBo7hvCBxpGSxTjkRY2Dd5TKPJKIpFmI_y4NngQ06xiWJfvBCNblwl6v3MNj9U2zid2h01s0YZfcT7S3jgMGujMaVyFf6_0wkCpUhg1x88ooLD9hG9Ifm5r7eXKRA9gFEhj1KaTnIZ-cAQ0vMhI-aon2yBP-RcK0AfhG0KUkWY8SuRonP9KmOC_gNsL4Z9D26bDDNowDQzCuqUD9ahjHPgXFHayBqiQEwLSZYXCQtDZ65BtlGOwBmZszTF20SRiqgZtjIv4N8vtHlnymk15xY0qKmpFd9M&recommendedFlavor=COMPANY_RECRUIT&refId=%2FVKUx5q5atNUXJBLUhrZeA%3D%3D&trackingId=daX8Cdy1Bl%2FoCZK8zLRJ%2FA%3D%3D&trk=flagship3_search_srp_jobs
1,https://www.linkedin.com/company/207470/
2,https://www.linkedin.com/jobs/view/3227963426/?eBP=JOB_SEARCH_ORGANIC&recommendedFlavor=ACTIVELY_HIRING_COMPANY&refId=czEOFTLQNaO5SKJW4fx33A%3D%3D&trackingId=j67w737%2B5jfEWejKTlP0CA%3D%3D&trk=flagship3_search_srp_jobs
3,https://www.linkedin.com/company/3894/
4,https://www.linkedin.com/jobs/view/3204056373/?eBP=CwEAAAGDHbUjStcbgy5Y01--loxjYPHVwuYhXFpRgs1H9QMgrOeWrSfoOPpsw8lJ82MFYEZNEqRCHzQlPZgzZaLGPO7H3XJdsN7h0TGJJtL_SHXznT51I8jKHGy9_LsuAvzQjAS8nC8vFTqbD2tWXTSgqOKlStgq6esJktAmuiQKZ1na0ovZIJDcMbeVLr6dTrhd-Obez0XmrV-O9NjxuMU-xiiPFTtrTvRM_uMS03FxEMOuvoH_8wR4TjAhfgFpyFIIM_BXMGcdClJ4-Pld2rlKo-tRKZklKOmQE0UZur1uHZMYj-wc605uRo3HSNlOUjhwcFlLONof1peCSVb_GgWaxbPA7JaEbVMkK1eyCs4sJXzuluXa3epxy8ZsLVPzKaY&recommendedFlavor=IN_NETWORK&refId=WnFjSODmELuv1jhvBTE5jA%3D%3D&trackingId=dt%2BQ7NH9xvE035aZ83bPbA%3D%3D&trk=flagship3_search_srp_jobs
5,https://www.linkedin.com/search/results/people/?currentCompany=4043&origin=JOB_PAGE_CANNED_SEARCH&pastCompany=1173
6,https://www.linkedin.com/jobs/view/2862251362/?eBP=CwEAAAGDHbVbz7doALhiFz8FsKa_WB9HeezbMcGcGsu3R--xzF7fIS-kBus1GhWSTHncIgafZavBq7vPsMtqgmiehUVoFl1u4Ism-ok8yy1_x88qwu7FRiM0XIHGwuztQ_A94wwG6dtfZYQJbDYSMTPIgPkR_G_GrCUMxKm0ELE0PSZNSdNkoTW038vdIOFHdoyizudVHlsqF6mJ19fKfqL9wxpjVoDqLdwNRRWcpQ0AWLYtcNnxNa9yhrkzqWYSLj9R_BaO8ceivBZW_8LSDLUr8SpMX5GMbAIFCQ-yBKjFI9OgBgL55RZ2J_WHoVLmDr9Mb1srwoxEBvNvhErEH6N9fpqlA8-G4uUTfyri2wFFLnXyk9wxmBkdrCGeu2hs&recommendedFlavor=COMPANY_RECRUIT&refId=gTVr8SFHK45BCuib2VDK1Q%3D%3D&trackingId=J8m7grBolOOnk%2FYhu3DIWg%3D%3D&trk=flagship3_search_srp_jobs
7,https://www.linkedin.com/jobs/view/3051295513/?eBP=CwEAAAGDHbUjSobSgm-Oz5B5fl7lDsyhkX80bdtOsK3BE6RxpEZbgRdGy0B4AheyWD0w62QLNOvKGjA_VOlQ7mYyMVIbchERFDvryOSQGsKTtpqnhZggc7y37xNblwFi45y-l7WDkfCr9uUfZYSLwEwUasT5BQH1caOsQPidcVq-vuNfkfdvArlWy8WAui28EovgBhkniDA-AMOlRkJTbif1-kKxYat4lEyMrQe9NAu4o0X_ECmuk-1C3CHNfG6WJpEdSBYi0QnxXGzRcWNayQ_TGWq-4syTbzg0stnk94Yw6tXX2CBILcQiQF16SqFUKhqGMOLe6sW1TBqE075FzxPeabKMcmisS2n32qPex8zgGWWl9uBM2fxQ3JcWMD9m&recommendedFlavor=COMPANY_RECRUIT&refId=WnFjSODmELuv1jhvBTE5jA%3D%3D&trackingId=tgjfgsI1hHRDI8HXOF6eaw%3D%3D&trk=flagship3_search_srp_jobs
8,https://www.linkedin.com/jobs/view/2790155099/?eBP=CwEAAAGDHbSNmi7J9a9pkBBMuvZSk20RdzZsOD8G3qAS48LHPT6HZU7N9SCmX1Fofw4r1fB9AFjA2PuMHFgNXYvjPi7FfW3HHsKeZOoRYPhd7redWOpwskjgrGJ4K99XJ97CGDi9apAQRlGKuAvBPPGEg0Kay_9EA9CWULEry0UevBwsXT-a4QRZd0tWd-eaUsysE0GLVHohNck5ulfMs3oBsu0OT8y2PrPf0d35TpRw1p_Wq0WcneMKghC3gxvSKVxswj2VleyA6rFbo4I2AAAYOZwQ4Ni4Q8AdVQTRH4lV-Khkv5DTsCbCszS2oG8NuMX4X-YReBrRMmbw5NC1tJM86qM2Eq39LWe3g_gzh24fEV2a7i4JpBw-kEWTZCSP8Lc&recommendedFlavor=COMPANY_RECRUIT&refId=zgoKuo86vB4CTYHi4Wys6g%3D%3D&trackingId=ovVCDczwu3z2EwFGwmJ3Lw%3D%3D&trk=flagship3_search_srp_jobs
9,https://www.linkedin.com/jobs/view/3253794058/?eBP=CwEAAAGDHbSNmrltp_OLmrg68JOMMptPjjg8AN7XMZWeDro_93laV2c188hwfLibmeoawp15yzd9flSnW2rU9FgDF2HYXWm933rHtJ6frEJ2McSCq3KU7x6m9-I6szbGuFmbZJtCdF4vyaDck7wh9AiIz8b6i20Loe9W8HAgd2gVcni24AVogXAX8QaQFFq8KrWews6ocECw6EzUKPtDRixMQuGQciFYtqAxQUEwdc_vildaguI3tCw5sd72ENpODbXVhVWqwyQcatlx3MWzcMw37BXFwRMemQv8I9u2vF6LPYpz3ufuCmlitYNTnnCuDVj1guHI9-z-5vQe5o3Byg6PzStyepK6pTDs0tJLXRQw9zb9CJ8N891QGr0tUbYedq8&recommendedFlavor=COMPANY_RECRUIT&refId=zgoKuo86vB4CTYHi4Wys6g%3D%3D&trackingId=mm1tiq0iB4gwM9Tc1Tex9w%3D%3D&trk=flagship3_search_srp_jobs
10,https://www.linkedin.com/search/results/people/?currentCompany=10643678&origin=JOB_PAGE_CANNED_SEARCH&schoolFilter=15451
11,https://www.linkedin.com/search/results/people/?currentCompany=11541&origin=JOB_PAGE_CANNED_SEARCH&pastCompany=1173
12,https://www.linkedin.com/jobs/view/3255732650/?eBP=JOB_SEARCH_ORGANIC&recommendedFlavor=COMPANY_RECRUIT&refId=RIRj9tA%2F5lOUYxt1rWSJkA%3D%3D&trackingId=qsYl3%2BRbh9xjm6q4GndNKw%3D%3D&trk=flagship3_search_srp_jobs
13,https://www.linkedin.com/search/results/people/?currentCompany=1192098&origin=JOB_PAGE_CANNED_SEARCH&pastCompany=1173
14,https://www.linkedin.com/jobs/view/3234799117/?eBP=JOB_SEARCH_ORGANIC&recommendedFlavor=COMPANY_RECRUIT&refId=czEOFTLQNaO5SKJW4fx33A%3D%3D&trackingId=UPiyiVBJABrqoKYDL%2FbJMg%3D%3D&trk=flagship3_search_srp_jobs
15,https://www.linkedin.com/jobs/view/3247024307/?eBP=CwEAAAGDHbSHJRHW1xJZSJ_SB3pA72A7YrQJumslwGHrpskjKEgDAwWpTMLN3hRE-f9Xv-1BSukD-DZnIHoz0MJiXTqvjD-CKBPsZmz9DQ-bVWKaUj8EBNEqmMEpYCTVa29UdIhYReYnuNSPOF6tEsqGdx9ne-CzmpvYCEFIPKUlXxFdFIst_eDqRzmEWK1oLutkUxfKB_s7iXa4e_ctsogHUPyPXwI8y6u02KD5q_mdj7g0oHobYp61AHn2x0NNRT9wFE3YqN-LLieygh2EyW46I9aNhc4jaoX3WFG1KIcG2S1V9y1S_ZLxvjNezDFrshyv0PHx-eqbrhhij0VGMDeIV56b22LHnJUQ_QQWibU0dHpx7BivUQ3m6eSIuQMIZL8&recommendedFlavor=COMPANY_RECRUIT&refId=czEOFTLQNaO5SKJW4fx33A%3D%3D&trackingId=fFSyJHJTfTx4M8YrRGMxuA%3D%3D&trk=flagship3_search_srp_jobs
16,https://www.linkedin.com/jobs/view/3258652602/?eBP=JOB_SEARCH_ORGANIC&recommendedFlavor=COMPANY_RECRUIT&refId=zgoKuo86vB4CTYHi4Wys6g%3D%3D&trackingId=FM7PB%2FowOCwGw3v%2BX5VRJw%3D%3D&trk=flagship3_search_srp_jobs
17,https://www.linkedin.com/jobs/view/3222935394/?eBP=CwEAAAGDHbXNfm9puSN1zzKNsSbye3iLkO0JKMndd-ca84sD72zAGv2aQyFH6dbs9IPu_zupuTQKY3Ea5U_eLybI8fsfbwMQsBg1RzVGfuduAhV9mqh5Fqdiltzf8zNkZtMPnQLPLS88SEXBLobqdV-bJD6Tg8Av04glqZq1UzbkQmMZdem0Y4H-jupKHv4G9FVGqk6Qff1NLVmkmbSm9U7gecHC0p00st_slRRn4D6587hq4JEWoQFG9uuFwHptQ_zsWwQvZKMl32BzaJFFYHNZoii480gqHHd53wLGiwqVgBujrFnBbrp4g0vPMCGzzonGrL3IlU1mYf3ZFrR-7Clj0jR1rygk9AAXVl6sncYOvtcixXTPilylNv119pe1&recommendedFlavor=SCHOOL_RECRUIT&refId=lR3nYSVUNlMKs6lLFtnNYQ%3D%3D&trackingId=%2B2NTVb4ULPdqYpj1TIktEw%3D%3D&trk=flagship3_search_srp_jobs
18,https://www.linkedin.com/jobs/view/3228389193/?eBP=CwEAAAGDHbVb0PS9RBO_paWg-KbAN6Qchbrgv_oMTIRXlGzl01VzCvyurhp1EF7vsVAghAZsOYU9Wg9RXvrM_aVjd_QKuF7EPpniqQqislkPPOPYD0LhYWslEEEXwT2vDnWpwnW40J60Nu4e4LJRR4qU2__-DqEWFF1H6ot0YPi7ifVJ-4f_sGTNHhOc38NW-9ba7fgVATelt4pjx0wBNYVQ7rTFW38zzdQ0kvE1GGyksFFV1F2-t_fZiKCEW2dkRrQuWZz6E2WRssF_RnD3Iz_SrD26PMX5BKO5zPD9QjTZjJnDNQyjyjEdJiANBzA1bdOVVVMOO2KBdlllAyUl0HacRiga0s20_fM1OlD_dJvEF5p7sc2E9nGgZAaohkn9&recommendedFlavor=COMPANY_RECRUIT&refId=gTVr8SFHK45BCuib2VDK1Q%3D%3D&trackingId=dzQcad2%2FAIFv6pUikFI%2FoQ%3D%3D&trk=flagship3_search_srp_jobs
19,https://www.linkedin.com/company/4043/
20,https://www.linkedin.com/search/results/people/?currentCompany=207470&origin=JOB_PAGE_CANNED_SEARCH&schoolFilter=15451
21,https://www.linkedin.com/company/1970/
22,https://www.linkedin.com/search/results/people/?currentCompany=15073937&origin=JOB_PAGE_CANNED_SEARCH&pastCompany=1173
23,https://www.linkedin.com/jobs/view/3086756478/?eBP=CwEAAAGDHbWUcNVTg_fNWz0WJf9nQRIv-pgD_LiY4bYv5wuQPZYip7_diT7poJUYc9SEHex9zsAzhOg3ZMfZujx4ED3lP3KBkmrVq74gjBo_oMjuVVO_4GJAiwmlhA8X2vN1xl4vcLUjRxLKBBJ8wWDjgHTf9D1v5yg8slhcnwtVKbDw9YCZTJNtWh2UZmKSXozfV-3DJXNU3BwzDx73iBlnRGGCYCdeIoR1PDbN0u-KDLmmmvd3RxhhLEEAOYVKw5AlxMguOajfgx6N3yW6zQnHu9aJLRBVbnWGrqD3lMzJ9vxiBrSn05bvKe4vBVsRycYfiWpQKUMHqyKdHdZhiVsCOqfFnsNozk-6pljqyMnTzZri2QxLBduliETg4K8FRIU&recommendedFlavor=COMPANY_RECRUIT&refId=RIRj9tA%2F5lOUYxt1rWSJkA%3D%3D&trackingId=pRTfFk2H1%2FUbyfrFRR6zGg%3D%3D&trk=flagship3_search_srp_jobs
24,https://www.linkedin.com/jobs/view/3219952476/?eBP=CwEAAAGDHbWUcG4mPPNUGBY-z_oP2mLCkssxG8USt8QCFbOTOU0YgAk0yM08GH0kpHCYL2_n54l1d4iOgUZ6gG6ylH0sSk6TWw8UVqFH5IzDQ8UhUfI2ILYN_keem6hLUeTMG_3qcE44sE6L-PZc3EyCsBBTdU8_gvihtdDNARFSAbrUb2A-WCfijZaJcEci1Rt0sjLjd27CNjzaBYXRwtCQkIAB8Y3Ed9hSMnHDbGqkV4ESiprusEeIcMlgR6UjTGSxOI1maddeQkYyD18KUQIGMc6AoA0_4omqCUTeVIb3-0Z2oU8Gs6i56gOJlujqiWBFzF2dZAiAfwgcLFRfVtPWWcGmVd8t6DDOpHl4IT9nlBwzxWgEQ1J7e8gc2qH9KBD0XNptYCIly2gQGN5KtRQ_s6Z9jg&recommendedFlavor=IN_NETWORK&refId=RIRj9tA%2F5lOUYxt1rWSJkA%3D%3D&trackingId=kt2EMe8NynWsGlTaR%2BBnQw%3D%3D&trk=flagship3_search_srp_jobs
25,https://www.linkedin.com/company/11135982/
26,https://www.linkedin.com/jobs/view/3172708127/?eBP=CwEAAAGDHbVb0DscSMNZQl8oo-kcoij8FsYP1IJdmfvx9ndsweWJDySNkjhxoWfR0BKQIcvREMuVS2w012S6rUaXypLyatAfhVahqI42hJ6tVBaZCcMs7aZ9iHfsFOg-sg8xuJrxb7YkGg7pU1jfZsnkjJ7dX_NfCmiuWAJEA6qO2vNd8K8EqWQ2Hg-YKozsFCcTklj17evJrcUlAruUlhCcP4sdqevW5OiNmK6LUIN5_gSg57SFU9JYopoBO_6qh5S0ntopxYQhXAcrHh23GXCLXlxPZ3s8-DRH2geIFMV61pjeiZP42jHaWtCg0n1DHagxh9hBLV7MyHFDuGx7JbOpitKAj105wE47XZh3dB7GMHN-X6Ljfk1AQ0Hv0U91YBg&recommendedFlavor=IN_NETWORK&refId=gTVr8SFHK45BCuib2VDK1Q%3D%3D&trackingId=0qMh%2Fw3djnL2aou8xg5%2Bfg%3D%3D&trk=flagship3_search_srp_jobs
27,https://www.linkedin.com/jobs/view/3249470942/?eBP=CwEAAAGDHbXNfjiMyZ2Et7eGrORJszZz2Z6OcOf_ebKl9__Y9DIj6eeZkuDWZ56wuIbYOaYtA9huYFv-M1v1LvzkI7NktUL5Of_XPSydi1_UJ_UzSpTdxigo-NIumjgH1QsayPqjyrzVYKIs6r2AnT5EPBJEhgd-UYLzF6Tlnwp9EKBmZZCwQLv3UKel35ESir8ss23uPyyHIbK_zaWygm8sel0wwrAloAJ3mIZ3gmJrr2NW19mP6CbsuFuK7Br5l2H1QK1bTRDQr2aQrr78DuhbGgf8iuLyq2pjTTo94tpZGYij5Cx2z3mPYZbZz-KKKf9nl7OTvfVVopPFV7KQCzay8RBHO5UdMohlecF0Dda9w9HGbT_nYEbuGhIx_p7ouwA&recommendedFlavor=COMPANY_RECRUIT&refId=lR3nYSVUNlMKs6lLFtnNYQ%3D%3D&trackingId=RWzkHIZcvMyFy3IwJfeEqQ%3D%3D&trk=flagship3_search_srp_jobs
28,https://www.linkedin.com/search/results/people/?currentCompany=18858826&network=%5B%22F%22%5D&origin=JOB_PAGE_CANNED_SEARCH
29,https://www.linkedin.com/jobs/view/3174962445/?eBP=CwEAAAGDHbTp7NYoaJwnKVUUaM9-CvQXP0FBZUR1U4bnySjWQkkypmK7mZ-XpXMqUc-mHOLYC4WWP_WHa3UJmAdSg2pH1iog9n_zkpiPLYU5ZQDPCODfyrcVCRf4azPLFmft2XvOlzXF-oecC39_whyIUvpnX8p9CjlI1v1bcX4ilTxJRmAm7jXQ3sqIpwgwl_vps5XnfaVnppraPWdMMIfsTYIiGwVU32HCUD09q9400dCeCsN24GBqCTArQJJfwTCU_jkQtW1sHZI2JGwK5vkX0Sa-Zgfd3J0VX0Pkbj7AScsi51MA7Hm8H0pO74h9AeQTYhtO5z_396lM5a-liXkISenDuwF_ZdGio9SJRwjvfxJg5P-FV_c4CQQ0FibhiTA&recommendedFlavor=IN_NETWORK&refId=%2FVKUx5q5atNUXJBLUhrZeA%3D%3D&trackingId=EI2s5oZowYKafz6Cr0NrCQ%3D%3D&trk=flagship3_search_srp_jobs
30,https://www.linkedin.com/jobs/view/3232186423/?eBP=JOB_SEARCH_ORGANIC&recommendedFlavor=SCHOOL_RECRUIT&refId=RIRj9tA%2F5lOUYxt1rWSJkA%3D%3D&trackingId=puoE%2BGcL7Yi7iwtNy1%2BxXg%3D%3D&trk=flagship3_search_srp_jobs
31,https://www.linkedin.com/company/18858826/
32,https://www.linkedin.com/company/397925/
33,https://www.linkedin.com/company/2678/
34,https://www.linkedin.com/jobs/view/3255737043/?eBP=JOB_SEARCH_ORGANIC&recommendedFlavor=COMPANY_RECRUIT&refId=NjjHmR4sRA2fkymX%2F5arSQ%3D%3D&trackingId=kDiGWa1SMssul7YvBJ7tHA%3D%3D&trk=flagship3_search_srp_jobs
35,https://www.linkedin.com/jobs/view/3228665567/?eBP=CwEAAAGDHbTp7OLmuegJgEUQNb4nXX_mEhJlVDQ-YqGRQ77AsqgBndcFF-f8QiGjWcD0EwMyCiZObUP-YnQ248eSijzXbT9yMPlAsXemP3z3ggGRBN4VauN4u1G-m5hW0fFt-avfoi0-YabtOBwHHomyLBN0Df5PT4JjY8j7z0qq_pZTreE3KJj2xSRXZOjGe0HNGAHBV_kjrr3u1AD2iBICYuKGwnGn7by849PE0CRkSGFOzSnS7svpw4OZTK9IxDvNdC_K7aba9bPGubTQ1ps1tEHYJAk5dV0XkLeUL2HqoI6tddvVk9AIgeLzVmnuyq9w7QJR9nR2LYa574Ln6hMVgmXfCci9V8aeGEZbD-XcyUDz2ydTx8MDPjJT-i04fbA&recommendedFlavor=COMPANY_RECRUIT&refId=%2FVKUx5q5atNUXJBLUhrZeA%3D%3D&trackingId=WcC3oMnuTZYqslMNWl0Ycw%3D%3D&trk=flagship3_search_srp_jobs
36,https://www.linkedin.com/company/27232561/
37,https://www.linkedin.com/jobs/view/3229052694/?eBP=CwEAAAGDHbSHJT8-PuwjbSb-OD2v6X8G7RVNjArMsi4AoKBmitjwSHLOH60XWriYA6-KNTQ70gtjPOgGrlhtUQ_V2tRPSpRdRyyS7az-cqzh-aX-Bza9GVv3jWUvfBeow7T1V69ER1EdDgTfWtAbwP8OGUcW6-cE50RUWpb94JqX3wvaaIV_NCPM6KgfDpD7uxwz22V7kbsyfa5ZomiZ3__wZxzvF5ljPW_5STofJwV-AIfa5H0-Wi4dqG6bExL03i3MDJPkFOPqkSgmfQJd7uWZgrD0bDVRo9oFMXBNhql7Yn4TDlAyISNXqWYgH5hh11O1jHobeYvltXrOZ2uuhv3uSj9y5bsagb7VLcH0pJ99-pfwNobn9pUqxcKjv-hoVcY&recommendedFlavor=JOB_SEEKER_QUALIFIED&refId=czEOFTLQNaO5SKJW4fx33A%3D%3D&trackingId=pNoABlrVAiGYZgUulDH5Iw%3D%3D&trk=flagship3_search_srp_jobs
38,https://www.linkedin.com/jobs/view/3234604964/?eBP=JOB_SEARCH_ORGANIC&recommendedFlavor=ACTIVELY_HIRING_COMPANY&refId=czEOFTLQNaO5SKJW4fx33A%3D%3D&trackingId=YlGM5075UyAUSx%2FA4WOR%2Bw%3D%3D&trk=flagship3_search_srp_jobs
39,https://www.linkedin.com/company/279565/
40,https://www.linkedin.com/jobs/view/3225591791/?eBP=CwEAAAGDHbUjSpLBNIpuUujEnNrwoQSjOIXCTLWvgpmmvmhgP1oqRwVGKaiIQz70ErXqpp4SN8IbPVYGsWUw0CY484t89Ly3E7GLXWsY3rniLI0tipk2hVDTLlZeXGIh6xdDlIHFrE3GIrvqsqDw9AUiAiYJ9gq6_Ql8BaVCmsl2vlIb6ukD1J8-9PR82VyCqPd8mEGlARLZHZakoXkQ5rCO-B_EWaehDBdoyPL1G3gmWEkZF-ShSMb1Lp2mOhG3zhJ0IGPpXNvkE2V7mhDybV0WByOi59wSZVWY55Fzgly-15H3aAUyFEtExXV0qJgI7sqSurxsMD3wZopmm5kazIIuEnm72of5QEbIJHvPrzhjDDdqehxuv4CGaJyS-9ex&recommendedFlavor=SCHOOL_RECRUIT&refId=WnFjSODmELuv1jhvBTE5jA%3D%3D&trackingId=pY%2FCSBpAL20LIbSArNv2Nw%3D%3D&trk=flagship3_search_srp_jobs
41,https://www.linkedin.com/jobs/view/3076527570/?eBP=CwEAAAGDHbYGWkW5-UpN63IokTT4IEQSIVbiGRWIdlnVZyu7-s72oLRBkDvUL3uoWfrxy7AYU3JfM6t7QGewZiB9HGaXGJejvWuHW7pWv4Bl4lWxOcut9Atto8MDWFKiSOvZnMMP6x7NXGnb_MiFEYR4PtKjEaSDNAQAmR1YoUbfuJ5OcCyyE8T7-3D-b9HYq7kh0uAzT2yIJTWEwyalh9bU2Nq_qi4Il8LlYCZG0hS8ZcqZ-O2AEZpWjZu1oHeBBYb_UFm4AoFqpeO7hc9geiwukWQHacrQwq1nrPCnGew67gRDFpn1v8PGontkY2EkfzQOfOacOepWGzHeS_Mr6f-eYq2boD_x0USbaAkkJ7iRGR0FX2Q7SOgoujxgWIy0x90&recommendedFlavor=COMPANY_RECRUIT&refId=NjjHmR4sRA2fkymX%2F5arSQ%3D%3D&trackingId=CP5QxcaFLDrUgAnox13x7g%3D%3D&trk=flagship3_search_srp_jobs
42,https://www.linkedin.com/jobs/view/3251070360/?eBP=CwEAAAGDHbSHJBb8yJmCJTeEI1TWfds9lf-KeNrTentdrh3JiSRTF-MhXoPIGRi4BQiurqbTxRutYRZwAU33P6uR3ZxBg5y42d_1OBb2KtzurmeOdJeubsbNvACC8TeOcMYLg_rY-Oczy4aZrcNNgZCB9kaBsahRbvBcfOOMwufLWYNMTOpSEGO95ckRYV3KI8_97eansO_E6dfPqdwJaij0xByzEOhGH1FCGlYPZqq0YwEy_4LS3Nv_e6Lk591BEgHJYnYGdMXuQg2HgDsOE7UtgyGNZBiu0FpS9vbO3G2WrAHohdH5J0cp96fwNWRJz41X0BxV69OuVWZT1DHg_vRrqY0thwD-5vFG7r_feQsl3FxDYvfXFQlIuGStcZibQbc&recommendedFlavor=IN_NETWORK&refId=czEOFTLQNaO5SKJW4fx33A%3D%3D&trackingId=trlexY%2BpmRQZpxhj0ubrlA%3D%3D&trk=flagship3_search_srp_jobs
43,https://www.linkedin.com/search/results/people/?currentCompany=240811&origin=JOB_PAGE_CANNED_SEARCH&pastCompany=1173
44,https://www.linkedin.com/company/14042239/
45,https://www.linkedin.com/jobs/view/3216252613/?eBP=CwEAAAGDHbXNfklXYjPB4D1yTp_HuBgYUh0nOeJkPes51-OM5l-6kruNhL7obnEvt89B0PNHAvO6cmn9qqRIrLMBw75j-FpFR285mUkCL5x-Jl90Tclk7gXhUFdmI-7E-OMZxA86OlDTAkl9sN4B0USJxHIRzJ6v7mkVf1MIjnRwX-apB8AT9g_1NMXr-e9sDgXUud96ww280hIumOvuKgK5PC3E0RlSLc-Z9Pk93N-QG_YivfHCY_uIG6CjRtXnIa7XKW4-C4o-2xETJeHWseysxehttWaBCCjxW_P1YvQN4ujAGGnrORZA6EIlnBt9n7fh_VKPvNCOryIt9CzxgOrUayrfJiMhHuTJi3wpuurRxfxpm2PY6cHHWHhL3AOC&recommendedFlavor=IN_NETWORK&refId=lR3nYSVUNlMKs6lLFtnNYQ%3D%3D&trackingId=zme%2FZKlQyzJRzIz1zNopNg%3D%3D&trk=flagship3_search_srp_jobs
46,https://www.linkedin.com/search/results/people/?currentCompany=27232561&origin=JOB_PAGE_CANNED_SEARCH&pastCompany=1173
47,https://www.linkedin.com/jobs/view/3072213601/?eBP=CwEAAAGDHbWUcKp1welzDTpu85GQExbVO-OVD8gLqUNVAKmrkd6QqYKi5Vxky3DLhsXqjSPH9sSFRu0qRntzsQmT_tTVV3I8FVhbfcrLK8McJoJEmksEXdF2ViCVZynVpZcCrM2oSv-zJV_hUEsDznXXBjW1pW3qalQJNeSOEPztGfVD94qi0sJq80ylFkU2RtadJVJgrqTneboSxqsUJHB9F4JCLLyW852IH548aFVgTywdw31r0rbTKQoF-QC7Oxtt1HIRJJRFhgGxs7J-gL-iiXnqdo2mO6zXWZqZeVBz78Y7eZ1F4luxCh5lefybdptYJddhc6OtlSLoZdCLfnQ6eY-wXvrp1dMjH9auyCL8tnuqrOIOURQ-ZHFry6MbY5M&recommendedFlavor=IN_NETWORK&refId=RIRj9tA%2F5lOUYxt1rWSJkA%3D%3D&trackingId=KUqF8hP95dHoBZcjPHb%2B9w%3D%3D&trk=flagship3_search_srp_jobs
48,https://www.linkedin.com/jobs/view/3124236865/?eBP=JOB_SEARCH_ORGANIC&recommendedFlavor=SCHOOL_RECRUIT&refId=zgoKuo86vB4CTYHi4Wys6g%3D%3D&trackingId=Pe7eMAuOCMFxDICnPPuU6g%3D%3D&trk=flagship3_search_srp_jobs
49,https://www.linkedin.com/jobs/view/3255728584/?eBP=JOB_SEARCH_ORGANIC&recommendedFlavor=COMPANY_RECRUIT&refId=NjjHmR4sRA2fkymX%2F5arSQ%3D%3D&trackingId=%2BbOozPy1vV8IeGeHFjvpVg%3D%3D&trk=flagship3_search_srp_jobs
50,https://www.linkedin.com/company/22581/
51,https://www.linkedin.com/jobs/view/3255731656/?eBP=JOB_SEARCH_ORGANIC&recommendedFlavor=COMPANY_RECRUIT&refId=lR3nYSVUNlMKs6lLFtnNYQ%3D%3D&trackingId=llz7I480sAOgQq33d1beLQ%3D%3D&trk=flagship3_search_srp_jobs
52,https://www.linkedin.com/jobs/view/3254015736/?eBP=CwEAAAGDHbSHJandBqrhZ2yQxV5kpNIC--JfHTXa28eBSf181-fmyMtYrbsUtOoSBV46-Tds1zE4xSgqyahqjiPTUBqAvdaWYN5JlPIdo3hfUs26xa58getjnLenbhhdjFVFsUf2gUIj2UYsKNB1Ju6AR_Tt1oqtpfqG8-8Qdhz9kEoqy5FGSq-bnIpEdsNobk8OGPYmRdZxLswABCmBH839CIk_B5y6Km0SPF2LtNh9mL4tJVPpjiTgPnddfzcucZcQSFqsX1r7M2I5zBHtPsKw1ADRp0fi2q0llaczYs2oxKDr18mAej0Noz7aukfAErnedlcujV_0NFxDHuADn3MnJLevZf496xbyGl33N3ufKqPzDdZhUl47MQ1HmU1ZFQU&recommendedFlavor=SCHOOL_RECRUIT&refId=czEOFTLQNaO5SKJW4fx33A%3D%3D&trackingId=06eGy8%2FSj2q6S%2FSIB13K5Q%3D%3D&trk=flagship3_search_srp_jobs
53,https://www.linkedin.com/company/86590040/
54,https://www.linkedin.com/company/1173/
55,https://www.linkedin.com/search/results/people/?currentCompany=7355&origin=JOB_PAGE_CANNED_SEARCH&schoolFilter=15451
56,https://www.linkedin.com/company/240811/
57,https://www.linkedin.com/search/results/people/?currentCompany=3033&origin=JOB_PAGE_CANNED_SEARCH&pastCompany=1173
58,https://www.linkedin.com/jobs/view/3136635479/?eBP=CwEAAAGDHbYGWi1nLrV69Zu-KfkltPGfETSInG8vN2YcvzBwTUlX-ruQfSc0NEm2QlhyRrKnbiXbJw8SFHITjVFBfDPPTGNQinhabjwHIDJ7s0eRgyQ14lYBnZd1a79J-_n0boYQIaYgVlsKNJHG7Sbhh-SERHvHQexnS1wZE40tNd1KKGOqg1UBZ8W3Vrxd9a7J5KZfna5f47-yDLvruh8jasrIbSHH3926DFSPwSs1vi8JeO7aFy90iLUqm_XDIlXu0VNjfsExTKUt-WXIZir-V2ObwFDXous1FHlTxLdFo6ByGm3CZthqHDSCSM01QZGpDhoRcd91kJyAGEvBSVwqLTO39xCe8QS4FwbGBfyNykEjmgESFoWUwXdgOjshKWs&recommendedFlavor=SCHOOL_RECRUIT&refId=NjjHmR4sRA2fkymX%2F5arSQ%3D%3D&trackingId=GJWyNS5Mmq1SmVPNgO0jgQ%3D%3D&trk=flagship3_search_srp_jobs
59,https://www.linkedin.com/jobs/view/3260254586/?eBP=JOB_SEARCH_ORGANIC&recommendedFlavor=ACTIVELY_HIRING_COMPANY&refId=czEOFTLQNaO5SKJW4fx33A%3D%3D&trackingId=gKn7c%2FHytjv1K4s0PS0uNg%3D%3D&trk=flagship3_search_srp_jobs
60,https://www.linkedin.com/jobs/view/3189581331/?eBP=CwEAAAGDHbYGWmSpsjasvcWc3OGBogzD40ADiCTN-YunTJ-TvkWzLITYaR50MLHYJQ96Jg0FPwYGuVxQunKZ3YraR2cFq9jdhRxMRPKyYPWC-JFpDx9ri15JWqdsfaY9KyI4dzSQXg66h4KhAcKWR51xyfwZ6bdn8l_a6KDnYLu59z6z4cMTo_5XL1dmj5-dEHlNxEWQOhrLPnQqVtIpCG7a7176bJs3KW1rKIxXnPm7_l9xCYuxKgDZhfm2RVyN6KEJIF867maz05gr4ZZEiagYLpi91wS30T9mJ-ukehLn81FEc_tQ8jVOESoIvuMLsp02a6yVXlFW77OZf3gN2asnWeEN_qDB98_5H4hmdESEWOyvpSrB3iZiXDL7ls537Aw&recommendedFlavor=SCHOOL_RECRUIT&refId=NjjHmR4sRA2fkymX%2F5arSQ%3D%3D&trackingId=4nEeLoXuq%2Buss%2B%2BfI%2BnpiQ%3D%3D&trk=flagship3_search_srp_jobs
61,https://www.linkedin.com/search/results/people/?currentCompany=3894&network=%5B%22F%22%5D&origin=JOB_PAGE_CANNED_SEARCH
62,https://www.linkedin.com/company/1815218/
63,https://www.linkedin.com/jobs/view/3255726910/?eBP=JOB_SEARCH_ORGANIC&recommendedFlavor=COMPANY_RECRUIT&refId=WnFjSODmELuv1jhvBTE5jA%3D%3D&trackingId=B6KdCDLhhg8SOeYKVR6liQ%3D%3D&trk=flagship3_search_srp_jobs
64,https://www.linkedin.com/search/results/people/?currentCompany=870285&origin=JOB_PAGE_CANNED_SEARCH&pastCompany=1173
65,https://www.linkedin.com/search/results/people/?currentCompany=14042239&origin=JOB_PAGE_CANNED_SEARCH&schoolFilter=15451
66,https://www.linkedin.com/company/11541/
67,https://www.linkedin.com/jobs/view/3258223081/?eBP=JOB_SEARCH_ORGANIC&recommendedFlavor=COMPANY_RECRUIT&refId=czEOFTLQNaO5SKJW4fx33A%3D%3D&trackingId=JAikndJ2bITHlleXSFdyQg%3D%3D&trk=flagship3_search_srp_jobs
68,https://www.linkedin.com/jobs/view/3251392640/?eBP=JOB_SEARCH_ORGANIC&recommendedFlavor=COMPANY_RECRUIT&refId=%2FVKUx5q5atNUXJBLUhrZeA%3D%3D&trackingId=30Dd8WylGCsK%2BoCSDcFXDQ%3D%3D&trk=flagship3_search_srp_jobs
69,https://www.linkedin.com/jobs/view/3260239345/?eBP=CwEAAAGDHbSHJP-foLvcKZ0nJ4_Uq0n2sFIdIU93jJs7BX918C-WzkEgS_idax8u7IQRaoMARRuxW5sOV1tSsGId_OzDo6BUPsbp40sTotfdH_OBqcWRMx73-TPlgN-l5iq5vB22btUHeOWamKIda8UyaJnGRZMAJxmhnOEuW9umVGttqEhvB4cBIdH6q5Ti9We8QdCNa9re5gOn1tKhgRACLCqkyEKcBbIuUtLN7uW8scGDSyLAMM28uU-6Tfh7P4a6XIWHWbvd56MNmknWb7wfaNnQbEZrtkpezslnjFe3QOokgwagdKBdZ9tjDmFB4hmMXeUGS5ekIBwAJl_cJ0cKc9Y&recommendedFlavor=JOB_SEEKER_QUALIFIED&refId=czEOFTLQNaO5SKJW4fx33A%3D%3D&trackingId=4mY2iNutO%2BAkBerewlDTbQ%3D%3D&trk=flagship3_search_srp_jobs
70,https://www.linkedin.com/search/results/people/?currentCompany=2678&origin=JOB_PAGE_CANNED_SEARCH&schoolFilter=15451
71,https://www.linkedin.com/jobs/view/2983443217/?eBP=CwEAAAGDHbVb0Kq4iL8g0U7n4rr6U4QUkKwr0Hu6OuKl2TgJWaer2gXMBn6AqLCMLSV9K1_ZWLTZVjqZ47SAS5qOVAHk2VzwcORX46WAssM42fT4nNqp6QCX9La3HkMl5i-pU2esgkqtgKtu0K8O--8Uf58l8BpDg6sW_3u9tvkuxg8Z9FlDh_pZNsNAV-nfjkXblZGat-YWJAEt-RCTWFlh8FJ6Q3wD4qU3AOZ5mlnPd-Uijaal_eoO-yWymbFwD7I1Nf-QHTvRszb0kTirA6T_0Pxn97aTpfBALhNE_kXjpN49WDO5eQ5ZZuNepyKnt_lAGGJSYxYtnONyMcBt_BkV08gByNQ0w8ULgt8NPsFWmL6flKgsnX4DqL5z2SU0&recommendedFlavor=IN_NETWORK&refId=gTVr8SFHK45BCuib2VDK1Q%3D%3D&trackingId=z3qD794VDtq0Q5JyNsEfdQ%3D%3D&trk=flagship3_search_srp_jobs
72,https://www.linkedin.com/company/13216/
73,https://www.linkedin.com/search/results/people/?currentCompany=397925&origin=JOB_PAGE_CANNED_SEARCH&pastCompany=1173
74,https://www.linkedin.com/company/3033/
75,https://www.linkedin.com/company/268417/
76,https://www.linkedin.com/company/10643678/
77,https://www.linkedin.com/jobs/view/3203302680/?eBP=JOB_SEARCH_ORGANIC&recommendedFlavor=SCHOOL_RECRUIT&refId=czEOFTLQNaO5SKJW4fx33A%3D%3D&trackingId=7SSBHwEws8B2ZzkHK96JjA%3D%3D&trk=flagship3_search_srp_jobs
78,https://www.linkedin.com/jobs/view/3255725860/?eBP=JOB_SEARCH_ORGANIC&recommendedFlavor=COMPANY_RECRUIT&refId=WnFjSODmELuv1jhvBTE5jA%3D%3D&trackingId=Q%2FPaeEWBiOy7Ja9offU4YA%3D%3D&trk=flagship3_search_srp_jobs
79,https://www.linkedin.com/jobs/view/3096670722/?eBP=CwEAAAGDHbWUcPal9eR1EbrYpO1868wCxFFW4lSoGnnG1JGQcV2TDwtDjTzIb4xbD-3N4YEJ9XH8StcZXjLVRvE_WN8k4wmPx20EG4zufS0dfGx-kTlG_aArTnRWAtcUaMOkX_8V-PYtK_vc34RUxChkn11y6PogRUG4dpbka8AZTCX0fSR6joX7X0jjFeLlsd3w7WG-8WCTBaRtRnIldY59iUmMX1x-FdCWdby8rddUvCFqkctnoUFHHPLE9eQVw9wSXgopV3qrqWm-2kri9PivR_CB1_cqqfD9qEvTAFI_PX8_mMWqC8SHKDHvJi-8xZ5O8B4SltdHg0zH247TvYl_udGFgnnvFqC8sziIWYQPvU_oHVBElH8K9--b6zS3nQy5KQ&recommendedFlavor=SCHOOL_RECRUIT&refId=RIRj9tA%2F5lOUYxt1rWSJkA%3D%3D&trackingId=B0q3mjbDO7dd6M3G16gVPQ%3D%3D&trk=flagship3_search_srp_jobs
80,https://www.linkedin.com/company/1192098/
81,https://www.linkedin.com/jobs/view/3223357072/?eBP=CwEAAAGDHbSHJYGgkQVMADtDBloBWMyczsCX_7qbryouDn1nqtMKQXI1BHYCbB6Th4CSCpkQY1wYqIXEtMBXMroWWPG4otNptmjyQBzPA4K2nCaGL4E25-3hkCWxFk-A_SQwRMGr64vzE7kTk3y2nR1gDvL6Hjnd0JNODrSdm919_pOyyvQcBt5P9PpnQWKbwdPJPP5vrNHrrqt2RahTBNEZm5gOvEYSGbIJbpfnM7RDSpJzyEJk1cfsXbwTmX_jchPxRaTUD-cPE0qWomMr7PbnowMA2UdK29o272ZDDOZkl8V4Wm6qZxThP9jqrvOJvlPdeplmtq03NGHEwSrWljC_5zK45gSNQtqTGrN47pxwWt3iaU3qo1wvOLKrfw5Z&recommendedFlavor=SCHOOL_RECRUIT&refId=czEOFTLQNaO5SKJW4fx33A%3D%3D&trackingId=FLVkE8fZcz0yaPnntmRDqg%3D%3D&trk=flagship3_search_srp_jobs
82,https://www.linkedin.com/jobs/view/3226797711/?eBP=CwEAAAGDHbSHJZZ6frzlouN-Quk_Snxdx7Hc0TUQmjG3mXeAReAjA9iJxmvizqoPgrpzxqxKSkb0pHnheSpRVBWJ-hi6l7CTTBH4YR6HFTd0xQhjO8kBWjW7TGvxTYx4gh_owTbUysw4l2kmzTUwdA0hA06spYGDdjTFRPJ-LlwmJuKuRPdgObKbJNYnMjf5OOmVlqPDtCRf7mikrCF2gAizFzR7D3JBcvsBm_hFzM8B_9G2ftZB3qspcUZN08IX0yYhaA202V2QiO6UHfHBdwkqSv5SP3gdbej4tZFdekkkMJlm5r55SPzvysv9rwge8vcTNPAL6A56gC_p_EtH90R34L9TOA7yvPD15DlEHNBA0RDZk2r04Ex8BiX3V0m1&recommendedFlavor=COMPANY_RECRUIT&refId=czEOFTLQNaO5SKJW4fx33A%3D%3D&trackingId=yomHqHRJ4iq9du9q1%2FGO8A%3D%3D&trk=flagship3_search_srp_jobs
83,https://www.linkedin.com/jobs/view/3216296447/?eBP=CwEAAAGDHbUjSpWshBxQ2vl_lGhVG8zeQJ5lIDyo2_QIkV5auteoNuJJ02tYfod2TfQmyGjws-EoWCu7ztpDLTReYBorRqgLYOSNIKKmMh5LxotpOdGtLYQAl3P_ql1TBmZO6yhQqZ3sMMwDZVP59cOfZMjGBZtrktVocIB0MYlAccKRvmc1jyosewpclc3QyiVYk3ZVtWbD4TkJGz14p7QdwjYfMzU2pQTu47Od2VTz9t5VAdunURVdX7YUELnWOzQnqczFdhbUBJFrZ5pnJ31WMSfxP9qIpNqEFl7DD-HVcZxozeBKlF9UCeQjoIIX8WeiLWJaJXP5ZSeHmk-CPm6pqMfgu39asnHSyymKl4UPU2-rN23MfuiOr0iPxifLSzI&recommendedFlavor=SCHOOL_RECRUIT&refId=WnFjSODmELuv1jhvBTE5jA%3D%3D&trackingId=fv29RZryacVpXrM9tjabNQ%3D%3D&trk=flagship3_search_srp_jobs
84,https://www.linkedin.com/jobs/view/3256010880/?eBP=CwEAAAGDHbSHJX8zkZu-L4LbRz-aDffTGEw7r8E86R7ja_g9L2MuTQexC7aCwpcBd8SUfaPVxzFnZIgR-w15sQxaaviTIPiZY8rNedOvC-gkh6Ixm_Dk0c7jOf2HxnK23N7tThYIHlRHp1-biGweEcvs6Wh8r8qOm9u8dgl-5wYMxrbDqnkUJI-AygslqxhUzgOrpl1kVNjTPimhp7U7cX6IrZzoICVfqw3SH2IZwe59JslmR-vuY1P3QHRGWu6PRpv0BJHLwGCz1_VKmoGgSUB3hKCT6J_p65oKh6Q0YG1vq_fWf2m2FGfvApm30fQU5PjNUBEG4RfixKFju0ZUKZzXzQV5CGsWvJpyQEokOagNN-QJeSDa0YNKE-V6RSbAkAU&recommendedFlavor=COMPANY_RECRUIT&refId=czEOFTLQNaO5SKJW4fx33A%3D%3D&trackingId=7gEo6cOAkPQdb8KQpQDRYg%3D%3D&trk=flagship3_search_srp_jobs
85,https://www.linkedin.com/jobs/view/3254322888/?eBP=CwEAAAGDHbSHJSn7UUxon0FlFqJMGsR854sU6F1JXm7GP2BiwdsiY69gT2Y7tfWaULTKZXlwx8GUXdyOfZVJa-LM6P3QJeJ9tUzXVllfcgPGR_G_OFMLNoU7_Jpsmf6lCaQaU9CZUBcJdZk2COuYq7E05QT-E7PC5T3yWMR5oVoZwmPRW_y1lKAFDWjXx-IZYmOsrL4DYqZOynPaBF6HQowFudOzocHGLxMMO4GsAh2n54ZMp-0e0KI57yfc-YVPbVQudiBs7D0lpmSVy49Wohj2CsAJFYcY7Mw8dVG0RyWB_W62MPswdQWnSw5KA-hQPDh3hsWOG1gE1cGY5uWYHw4g6fgH5EDJ5xgjc30ywcrGLN87YhVj88oj3ihBGBDE&recommendedFlavor=IN_NETWORK&refId=czEOFTLQNaO5SKJW4fx33A%3D%3D&trackingId=5hJb3CxXT42n14hakTcNiA%3D%3D&trk=flagship3_search_srp_jobs
86,https://www.linkedin.com/jobs/view/3096669429/?eBP=CwEAAAGDHbXNfRMbtnu2E2DjCc1_ifk-JcZYudl_VqBn2mo0sex5-CWon85iLfppOnHq9uYKS5SEg7j-i5OD9tZsyvviDHE1lVauTHBXGjkjOaBiFesRhv_oQ-bRZRowq19HIulBIUmtqRMRTbg-Iu-92lEyyEUAzFBPWJWh3O7pIj888B91bZwmbRQ2Rn20j6NIOJSG1Q61CFIBpNTpbbk6dk6onR3G-obq7lqIvUQYzF6Rigjz110jj_nPZkacloOYB_pyTKhDYJ_7YwcmwPIgRBRsvW69RNGwOm4RwR5shkZ6bW5eHLyzrdu4S-N7BBgxMiRH4VAumjk1EGDzXwY5MDphgb4SSWLsrkDG-kKfz4hYkQpvMUsT_RAHJ3Kb&recommendedFlavor=COMPANY_RECRUIT&refId=lR3nYSVUNlMKs6lLFtnNYQ%3D%3D&trackingId=lMxQIxQhYKzdEJXrxHYGoA%3D%3D&trk=flagship3_search_srp_jobs
87,https://www.linkedin.com/jobs/view/3242401727/?eBP=CwEAAAGDHbSHJRv7qsUkLOgaD5wteBpQYK_7UnphVDuv2aV3EdjlNiBbRQIIhuWTJKDpZuQhby1ZvsmiZ-XTPwUM4jrBWm8kitY3PU2pTDQ9SQ0NAnjgw7CbPKKeQcYeC_wajUZ62-4cjB01EziRjiOvgBeNWjztZbN4fAHEfNo5TgS1oWJWqw1Gsqta3hZYm6baEY8wIfLV3X6vsomtMBW9BzXO_dSCnKEiFD2LysLdZv91FYA9KTA6LLgWdQlLAYY3dvbW7yIjVQGOPqpQT7KlRnZWgtx2YQKjYHFdD32O4guEuxBBWsxoWeuU4Lcl_9hqzrx1OgygviKeWfZIg6A18YKLyrA_5pUK9NVx8HgJXs7BpBadb6I4hRsNMcrqe84&recommendedFlavor=COMPANY_RECRUIT&refId=czEOFTLQNaO5SKJW4fx33A%3D%3D&trackingId=NiDfxAp4HzTozsJoWH3QIw%3D%3D&trk=flagship3_search_srp_jobs
88,https://www.linkedin.com/jobs/view/3242408594/?eBP=CwEAAAGDHbSNmohbOYmz8ybCLRkAxaRlT1lckeWhCrt9_w-wCSi4hgD7V2fodx-pojv0BwqBzuI5jI94PypeNhtWJ6cT87C85BkOfxQ3kzqKVPdtN1VzAvmlxt11vmnUXqft5rPKXPbRBC034_xCkXdYgb-aT_xQPtmsgOPuS_OlTcs_7wgzBfZ59weSi7i8rQ9KzdRx_Xbwbwy3eabo4Tt2K1OO4NEYR1llqQA6KYJ2fUL5XgZT0dJ8XOVBk3gF5Ae5G-y7WnQZ9JYN18_Bsb_m5hJxxM6HNncFO0pxNLJhs-t5uomKKh2RaSaewvVx1SUMeoYOUKRfHs9GNMO_cEpoLfiH_8-TM-1fGrHtTUjXRz4-dSBfywVE0k6byVZ1tNA&recommendedFlavor=COMPANY_RECRUIT&refId=zgoKuo86vB4CTYHi4Wys6g%3D%3D&trackingId=D3aLXDWX4TxqG3dw4yyqrw%3D%3D&trk=flagship3_search_srp_jobs
89,https://www.linkedin.com/jobs/view/3233822182/?eBP=CwEAAAGDHbSHJfA9lzrXf7L7sc1uNbOKHWWI_OcGg_-KeKgHflPxJbecmaljVvR2yCFt4SKwAWfQ2bIjnMenorY_eSk2rii6NG2Yv9avkJp26X0yZkhrnNVTvGbk6VsZq0KlFvf5orObGiY14HKSf-7rJ1Cl2GP9JbPtbTZuLf9drVytimwUvuUN5pBSO1wG1emBwFUgzfhkpUfw3M_Yu5c7de-ob6zOcQpSqb_BKvpgU-9swhynC8n3Q21PDN6hG5TcjYdmhE2AZ2tgy2Wcc0dVaRGJ6lM4aYBgRE6qL2C9_tvmsPsknnvMbw0IjnNwd8yaPOghkNXlqIrItf5E4YjwUC8UB4aaPHnrrKMTpQH0TD-7lao8zJpWvqhpL6oE3LE&recommendedFlavor=IN_NETWORK&refId=czEOFTLQNaO5SKJW4fx33A%3D%3D&trackingId=q2zFfVBrBAWdUT4LL79Ghw%3D%3D&trk=flagship3_search_srp_jobs
90,https://www.linkedin.com/search/results/people/?currentCompany=2909062&network=%5B%22F%22%5D&origin=JOB_PAGE_CANNED_SEARCH
91,https://www.linkedin.com/search/results/people/?currentCompany=2382910&origin=JOB_PAGE_CANNED_SEARCH&pastCompany=1173
92,https://www.linkedin.com/search/results/people/?currentCompany=11699&origin=JOB_PAGE_CANNED_SEARCH&pastCompany=1173
93,https://www.linkedin.com/search/results/people/?currentCompany=13336409&origin=JOB_PAGE_CANNED_SEARCH&pastCompany=1173
94,https://www.linkedin.com/jobs/view/3157928031/?eBP=CwEAAAGDHbVb0Pvl6UZrORTAcSBaUaapLG8zGRRx_QfKXFBY7u4wWzN6kuAqc8M9ue5kWmCVVgctn0OrQJCLDeIn8PwkLO6p7WlCAJ3Xillh-AasiCnukzufD3EbTYulFFiSFY54Bhw7BITFqjtv8Gy3WIguOAAHG94Q_vUd2OKMV8FBFV9ELUpCyibTh669uZLvYXPpLxD83TSaJqRwRTFGADPm7MaSu3q7gl-8FuPYzAEeWdlH6GJ0CmyI4epFRlLoXIyL0u3OClwPiD8-2I9hyH8IeDbqc0tLihKD7J60ilMsTRombt23HSYzJa_ifbEPGexSnpVB3gyhYVliPMtnsr89PuBgYaih9WEGpIDce7bmmgOUziwX7j47ea5Z&recommendedFlavor=SCHOOL_RECRUIT&refId=gTVr8SFHK45BCuib2VDK1Q%3D%3D&trackingId=fS%2F3ACRg6Qlk3gV%2BuK%2FnkA%3D%3D&trk=flagship3_search_srp_jobs
95,https://www.linkedin.com/jobs/view/3214522142/?eBP=JOB_SEARCH_ORGANIC&recommendedFlavor=COMPANY_RECRUIT&refId=%2FVKUx5q5atNUXJBLUhrZeA%3D%3D&trackingId=z%2FDjXxlXCMT93OKGhM%2Fdig%3D%3D&trk=flagship3_search_srp_jobs
96,https://www.linkedin.com/search/results/people/?currentCompany=279565&network=%5B%22F%22%5D&origin=JOB_PAGE_CANNED_SEARCH
97,https://www.linkedin.com/company/2909062/
98,https://www.linkedin.com/company/11699/
99,https://www.linkedin.com/jobs/view/3179457257/?eBP=CwEAAAGDHbYGWmuST9xlx3vG2K8v3ywwz_K9QwK9TvEBkv7r4toFHhzL3WI9fTdk4GpVwhGXx2rOqdJ_oywKPprovBJ68U4R2MwREu-0kiqbpxNVdo4GjPrmVVGVHNz-e3gTC7IX1NiNVoC7bdLPwK_Ypa9pfKzAVMEXSxP9CcGSy8XNvGyz5r7y5gGNg3IYbT2R-8qt0OQXRbMAQAnwBy3REKfVeKA0BvZ-ylDoks5IgGyohehXxjOIB0EQ6k5y5LUA0K-Ozj5JvX50EWJp-NZmP-QoRC1HO-2GP62YZsb6jjmakbSv9uLf2A5sITdndjW9vJh-TotKs5DsBM1XdgE0WyGMgwb16OENPkxKEri3PfF8TfSAJgLvwRuUo7I8bIQ&recommendedFlavor=IN_NETWORK&refId=NjjHmR4sRA2fkymX%2F5arSQ%3D%3D&trackingId=gkcuaypo8xP%2BTbjmALoQRg%3D%3D&trk=flagship3_search_srp_jobs
100,https://www.linkedin.com/jobs/view/3219953183/?eBP=CwEAAAGDHbXNfd_JEVoLJX-UfZN9itvQhOrGzHpxitprt-uiRc9DzYhTYoHCiPmZfRtbc-SOhJZuyuD1AKNHlxJK3sEw5nHouCjyvzOx--8cMVbmTvtaewlq7Ut0PSLkVx9Y_qhg2xSeMm7U1GvMj_y2kgnywyhFzPYFgMZ1odZ1PA6H2b9HIvhq67W4C44GFIInfwAnemuv-JToUNQQX1YBZQ8xyQyKYXcFGHPNu9CHFpDmMk71ZrP2-NkJgW8ogTB-3CzuDcUqJJfoKJgFgviCOtgjsoNqCqrwNVLNuQVBqTlynQT8Rlj2cuecJPes4gxt6BACOdDPqy02KyA4dOBOSAnjdNJn9WihbsgDRKwzOpdcj1W-M1NRguwOgVvyMXXa7K17Yz2jfC-yqII6UN8L&recommendedFlavor=IN_NETWORK&refId=lR3nYSVUNlMKs6lLFtnNYQ%3D%3D&trackingId=MB2XDmmvtCRb0NSL1Bzt1w%3D%3D&trk=flagship3_search_srp_jobs
101,https://www.linkedin.com/search/results/people/?currentCompany=1173&network=%5B%22F%22%5D&origin=JOB_PAGE_CANNED_SEARCH
102,https://www.linkedin.com/search/results/people/?currentCompany=86590040&network=%5B%22F%22%5D&origin=JOB_PAGE_CANNED_SEARCH
103,https://www.linkedin.com/search/results/people/?currentCompany=268417&origin=JOB_PAGE_CANNED_SEARCH&pastCompany=1173
104,https://www.linkedin.com/jobs/view/3096668468/?eBP=CwEAAAGDHbYGWo80TjsUFYxCr0cI28rNASXn5ve4sDhoxEwuo8qG9FTHrL7CPb66BErOZCFaJy3Fbs2IZxWB_lXvCTpa-D_ZqAdxZ1TlpTZnFOYTdUwgeNFtYkn4fs3C4ROD8rZpDwsTxphnlaDHSrNtlFcTuqzbMYI4JZkDDQVxsSwUB3bw59zVfwsuK5Z85Dj8-a43TbyBgEuRsT2R2OJSutI5C-R_3CgHkpSzekT_ZPO-gP914HW59Scn2TYxiTyvsaPJY7wDD0TC_9JDMSCUIPUk1jLc4m70gZOHUtbC3D8I3RzzlVLpA0knxLYtx7JGV94O3-Qxoh0j1Q_gBOviYHkFoOQJiFA2NunlKV23X0APmowzUfF81DMCcW796KQ&recommendedFlavor=COMPANY_RECRUIT&refId=NjjHmR4sRA2fkymX%2F5arSQ%3D%3D&trackingId=%2BPN7qmsPunUW1xf%2F4jk7sg%3D%3D&trk=flagship3_search_srp_jobs
105,https://www.linkedin.com/search/results/people/?currentCompany=13216&origin=JOB_PAGE_CANNED_SEARCH&pastCompany=1173
106,https://www.linkedin.com/jobs/view/3255729822/?eBP=JOB_SEARCH_ORGANIC&recommendedFlavor=COMPANY_RECRUIT&refId=gTVr8SFHK45BCuib2VDK1Q%3D%3D&trackingId=0SJcDJf8XiYWQlyN%2BVZpBg%3D%3D&trk=flagship3_search_srp_jobs
107,https://www.linkedin.com/jobs/view/2850537027/?eBP=CwEAAAGDHbWUb_hCAOjbTvtqymhpJzYVN4caaBpetayar2CfRfpCDza3Wev1YchtS5NlDKoPPRakEwZnHpiesGHMV3YEJjMWBP59hU7FPteZaXgfir7Y_udDaELnWxg1ksLlKKiakTdhplttvGXp3-Zdb8mztW6hr7ltjus_HuEJn14WzauYyOZgUU_V-y4kxW4zIoGmagZGl2NyA88uTTV8K7cEcq68aiWr3gl9TuQjAJjXaCt7vMAz_wXTXljUKlbYRMm7JFpplQQpyzCahJZrt-8-Wk07hOcfrjnU_Eckprw-u9Kp2_b_-8dq45Et-2JJs7W5FIUK90nCvdwgCO3l6EXGip4pybcEbU9cOPXYSwaxpb1onp9F53cbtcihFw0&recommendedFlavor=COMPANY_RECRUIT&refId=RIRj9tA%2F5lOUYxt1rWSJkA%3D%3D&trackingId=rPEKQhy%2FQl9NmcOo3ssuOw%3D%3D&trk=flagship3_search_srp_jobs
108,https://www.linkedin.com/company/870285/
109,https://www.linkedin.com/company/27061103/
110,https://www.linkedin.com/company/15073937/
111,https://www.linkedin.com/search/results/people/?currentCompany=1815218&network=%5B%22F%22%5D&origin=JOB_PAGE_CANNED_SEARCH
112,https://www.linkedin.com/jobs/view/3255726780/?eBP=JOB_SEARCH_ORGANIC&recommendedFlavor=COMPANY_RECRUIT&refId=lR3nYSVUNlMKs6lLFtnNYQ%3D%3D&trackingId=ICSVA6pyLEMETBVgeofbdw%3D%3D&trk=flagship3_search_srp_jobs
113,https://www.linkedin.com/jobs/view/3212254671/?eBP=CwEAAAGDHbSHJFew0KHGhMOebaVqv0Sn26eaPUeur8c_MaklZrMe8H8YUtj0Yy0INx9kzVsi3wEVLCcPGZrtWgcE8u-xeEwcLTJ3Fs1idKWf31rgYkSxU3Gmp3bCjYLlXMiVWjvNw2o8bjt7JhNs07cyGAvM_CPBMbGucRKtxkkEGmRbUVGLFxKwoamaeD1B-VMS9_xwdTb2WlxK1J3HUMzGc6fEWZVXzBs_dbjPlMaJTanGZwsDHqywjvtlXeIynyHxukCN_FXN4DT0eYl8oCklgv-9xJRmdSMBDNx9R4BgMWA_pUVq3z0bkShX5Ib3vasfQG9gCGGe72p_rI84VqD4S3hpvJNuc7MDndc0HYh2YPQiOVCb7Cz8j0guZNL4&recommendedFlavor=COMPANY_RECRUIT&refId=czEOFTLQNaO5SKJW4fx33A%3D%3D&trackingId=Dbl7cyeQe9d9IAqJrwfRAw%3D%3D&trk=flagship3_search_srp_jobs
114,https://www.linkedin.com/jobs/view/3244305355/?eBP=CwEAAAGDHbSNmv3GVLoLjoCu5g6uo-eUJkkTPfbbCtiILsQ6RWMMH1kJxcV15P2UbD_AfbwV_VQoPJnY-YFBOZrMeFQFBOOi8lwxqRW6PDwDlDC-D4OJC-5hY79bAbF_r5gRfGjGoJ4NkO_VQZoGfo2E3Qn1po0M9rnjUbYZQYw5Rj0AAxfBZQNaXUz9JJbL292jMXcEx20Twmr12boqnDWHb9flKZH-2QDJIcw2QZmTVnQROVHUNZKTBfhZ9j-FKtTBL6fI71GJOhMUIaNmDdjInXi0ZLGsC8pjlmpIIhfzgG3qBU_akOcbvxrz4DLtk9FjPzehnmLkQ8NGncor-FBXbcTRDP48cHVv7eoL6ds0G26d52gIF4IpepgqhMt-y98&recommendedFlavor=IN_NETWORK&refId=zgoKuo86vB4CTYHi4Wys6g%3D%3D&trackingId=ddZQh582bS%2BsaFee6EJBVA%3D%3D&trk=flagship3_search_srp_jobs
115,https://www.linkedin.com/company/7355/
116,https://www.linkedin.com/search/results/people/?currentCompany=1956&origin=JOB_PAGE_CANNED_SEARCH&schoolFilter=15451
117,https://www.linkedin.com/search/results/people/?currentCompany=1481&origin=JOB_PAGE_CANNED_SEARCH&schoolFilter=15451
118,https://www.linkedin.com/company/13336409/
119,https://www.linkedin.com/search/results/people/?currentCompany=13336409&origin=JOB_PAGE_CANNED_SEARCH&schoolFilter=15451
120,https://www.linkedin.com/jobs/view/3227613863/?eBP=CwEAAAGDHbSHJEYYQ06gqmF3aPa1hEHyCeNuIocSjPWM_lkJdjzyuURscgr0MGKpUN1HhmXoWuCUhNNIeo88typr8sOxhLc5TV_eqEljjBthTINoNJPthC_pywn0Ogky9s7J8IXf34GNb43WFrLWxpjAcTVsdiOBb1cJuXwt7ZLaYCU0t4D9VAkKLR2J1YAIspB_HCueGE_Xfve-cPmX81LXwmZ7ragp5DahJdxTNjRIkJBvyXmlb1l6lUeHbG36lvkiG5scAXbqZx4AvRfSprJkEU7MTdYKKfcO1MZHGAuTxIMtcXFWtwtJMLNHQ4F74OdiA-yyRk6HVjFTcT66-etbbvKu0q7NSjFbvIAgqFr3shfM-_-of6XWhEGcZ3V5MT0&recommendedFlavor=COMPANY_RECRUIT&refId=czEOFTLQNaO5SKJW4fx33A%3D%3D&trackingId=veivuGdi%2Bwy%2FfWTDRmAb2Q%3D%3D&trk=flagship3_search_srp_jobs
121,https://www.linkedin.com/search/results/people/?currentCompany=1970&network=%5B%22F%22%5D&origin=JOB_PAGE_CANNED_SEARCH
122,https://www.linkedin.com/jobs/view/3204638991/?eBP=CwEAAAGDHbSHJXiC7KO5JAYS-GygrIhUzwNUDW2L9qmB2A9mXKtADJ4RJhNtRUSkZ-rAe8YriXcypdLlUIWMms-LcujBa2Idw1nn4ZvfmsZt4IQuNkE3HiULHPTBnlz4VsakSc7nxCauaRi8Rs72Smkuwp6rPWhl6GMfGBR0YJA2QfxV1ZjcFr1Xfid8G9iy-Ru3Fj83aMPzqcnOjEqfwnkM5WzXAgVou1W9GCNMpMd5auK9QMzZ4dSnXBr5oqCPoD6ZWyGcUm8KlKYV7M49bVfI6GAIohMUxyI5KbJmCthKaWXjqHXoVY9XlQ5Sb7LxRCgbX6aAwz35Cs4LelHoNH8saimHKbYgsVEjbe5fUU_Lnp2ZFiime6-zeUQoSA&recommendedFlavor=SCHOOL_RECRUIT&refId=czEOFTLQNaO5SKJW4fx33A%3D%3D&trackingId=mBvYqZbV6OYfMEBZXs8lhg%3D%3D&trk=flagship3_search_srp_jobs
123,https://www.linkedin.com/company/2382910/
124,https://www.linkedin.com/company/1714/
125,https://www.linkedin.com/search/results/people/?currentCompany=13216&origin=JOB_PAGE_CANNED_SEARCH&schoolFilter=15451
126,https://www.linkedin.com/jobs/view/3251070359/?eBP=CwEAAAGDHbSNmmeRjTvcRK-nDxClUqebQJw3OflVSCISlA1oOBeWLm70jKxQ6EzIjHjxbrzaYZIfQTabg9480TdDEctZ4GkOYaJFC0sXEX-a75u2obyo5ihsAQuFF5_v3ZL2gsBBNJ2vyNLOllS6OpXoKRTOkX29Dbk0Snasc-8P8KNPNyfCLqfzMf-m5F1pFUtmBAoySjNcsfmF_n1qGDPGhknQkrLHnaB8JlnzMlil4A_w2_APbMHAPLo-gljWKTzcM6zWkFhgrgidE4A9L_c9QvvEgB8yEDt5t-0Nd3p6Q6y29PV2kTb7mp-LCU_fDrsBu_6cj_fVed5Tqzadx5Eh2OHSG6eI00-L8ejGmgARclH6Px_w_i4g6-m_kzevyJk&recommendedFlavor=IN_NETWORK&refId=zgoKuo86vB4CTYHi4Wys6g%3D%3D&trackingId=DOPf2nh58ySHMgTu3drDHQ%3D%3D&trk=flagship3_search_srp_jobs
127,https://www.linkedin.com/company/1956/
128,https://www.linkedin.com/search/results/people/?currentCompany=27061103&origin=JOB_PAGE_CANNED_SEARCH&pastCompany=1173
129,https://www.linkedin.com/jobs/view/3204639730/?eBP=CwEAAAGDHbTp7D-3VRqlQw-cayK_PyqSKcaWFytYNkh_3Led_JScrBJc9hU7S342DVQ5mtxo6Qajgru8BDbEZymJkMSbsuCwjG2QlEZy3COfWClrYJEatW1Jlhgylse-0Gvj3pln_s-JgDYCp4SwxukfsVq9f_ewEto-IGg9vxhhJu3bZ7UWA6xmmhtJ0y5ZpVFp5TFtQy7ABL5pUXSi1YjatmBTjnM71b6Hq6nGpZKd3ifsCyZSndJSpSTgy3BhyOsyDC7LjSmBBWYzFBzxZYCQCu_tth2OnQLVlnTHZIEBEEkhcWBWr7QKg3ZIhn_n3dse65Q-3rUewrD_0mv_mONWceTUsxS_Moft1l66JcoC1vQFFfa-YiasLkDD3H8ooFQ&recommendedFlavor=COMPANY_RECRUIT&refId=%2FVKUx5q5atNUXJBLUhrZeA%3D%3D&trackingId=HW%2BTMyJWLpcTRjWLX8Dm1g%3D%3D&trk=flagship3_search_srp_jobs
130,https://www.linkedin.com/jobs/view/3226484522/?eBP=CwEAAAGDHbSHJdbYfF-zacunfznCizitcvOxipuuVo2GIkHYXWwMfstXjFXH1OHSxEHgLlqwQzgeVKVYQAIaoVUG1BLL4QeV_hZzd8pbcUjhbBwOmMO_m1Vb54Fj9OopiacfyeypPvXAo7-YHzKMKvVU31H1Om1-p08CxF-G7QkRuz0vv8am50IVxfuj1-vKm5h_LLsUfMirG6FmUZ1QrqFO2gKGvKx842BHdn2z1kpt5JiXAk7Lm4uIX-JuDFPVG33PQgoZu49uj0MdEPPPjcB8SybfViDN3SWBNIz0aYvNMGl0ySdMGBjbOhaozfT3KYkDTriv8S4nM3_ZQYz2HumeiHE-UlmAZw1q4_5j7p1LFX658ihoNI3MPPxwZgdz&recommendedFlavor=COMPANY_RECRUIT&refId=czEOFTLQNaO5SKJW4fx33A%3D%3D&trackingId=lDQ%2FgkrUy7zqf8s7s1ztEw%3D%3D&trk=flagship3_search_srp_jobs
131,https://www.linkedin.com/search/results/people/?currentCompany=11699&origin=JOB_PAGE_CANNED_SEARCH&schoolFilter=15451
132,https://www.linkedin.com/jobs/view/3094812987/?eBP=CwEAAAGDHbUjSpe0qmP4I2vd97v4MIVON_ufY9MrTInHzMKXx-d3ziVGDOMMC19iWlcBP-7J6etysXlQx83XKw17M9l0SCKhkdrTE_Zlahh2hgXZwMDA7TAL9slVdDoFJbKvGJJycjTuiMAeK_CbLm27-J0DoiWAlz7SzG0FA8SkUIpqkKYHYy3-obqY45u9Db0WZcKKWjPJyDg1rkixJj6bU50N_i0m7P_ht96-hL0u5pnki_A6ZpRLTQsv6h8nGCRXGpXMj50pq-_EBL7393xHN3dVUnmMEz-8RMSFGYrzCbdovTzpx0WZwkIFM9p6nYu4lFgNpKJy7iGBKdCecFe-MBPIOju4qZFbmEZ3ofApoLdPYJR3j-zVY4lRE_cryaI&recommendedFlavor=IN_NETWORK&refId=WnFjSODmELuv1jhvBTE5jA%3D%3D&trackingId=3fNTV4Q4nzMxDE3gZV00cQ%3D%3D&trk=flagship3_search_srp_jobs
133,https://www.linkedin.com/search/results/people/?currentCompany=11135982&origin=JOB_PAGE_CANNED_SEARCH&pastCompany=1173
134,https://www.linkedin.com/company/1481/
135,https://www.linkedin.com/jobs/view/3255726769/?eBP=JOB_SEARCH_ORGANIC&recommendedFlavor=COMPANY_RECRUIT&refId=gTVr8SFHK45BCuib2VDK1Q%3D%3D&trackingId=WbccCPWDyQ0tyyF5rpFAUA%3D%3D&trk=flagship3_search_srp_jobs
136,https://www.linkedin.com/search/results/people/?currentCompany=1714&network=%5B%22F%22%5D&origin=JOB_PAGE_CANNED_SEARCH
137,https://www.linkedin.com/jobs/view/3160081521/?eBP=CwEAAAGDHbTp7AjMPZiwx_XUS29poTgSwt-qeWDwkNGHY7YCKZygWl6jexC3dF2yioXa0XHaj_1hxLrvG5CfisBvp5NEDn_dZrbGG863cJx392ANF9DJqclojhr2ZM28jYlEkIbfJHjdhzhfSaemLEXAcKI2Jp-fc__n5bPFsHEZuXdF3EYr8PtKKzdCMbyH5JcOom9Ii5kS1TCJnZcruDtKK-A0n5MXnbGLWHzLS0qson9xDjdrmXAeaE33xO6WQ1eVDgV6dvV2_P99KzY_vmIdmlgDhkWSypghKzPQC-uOfV9UdU4vCaK8_iUJ69GxMP70z8eoMl-dli12BbAMDXPM8f-lWYFNBz6kFt2u0KSw9HHDvcnUlPC4kBGiqiLO8oECEw&recommendedFlavor=IN_NETWORK&refId=%2FVKUx5q5atNUXJBLUhrZeA%3D%3D&trackingId=TVmlyNyaJZ9mWXOZJO%2FCDA%3D%3D&trk=flagship3_search_srp_jobs
